Image1_Path,Image1_Name,Image2_Path,Image2_Name,Reconstruction_Type,Winner,Labeler_Name,Notes,Created_At,Brightness_1,Brightness_2,Confidence
Trajectories/2022-04-11/293_RR220411A_882C_1842.bmp,293_RR220411A_882C_1842.bmp,Trajectories/2022-02-06/194_RR220206A_962C_2059.bmp,194_RR220206A_962C_2059.bmp,Twinned(2 x 1),not_apply,SY,,2025-12-10T16:52:23.046332,,,
Trajectories/2022-04-11/293_RR220411A_882C_1842.bmp,293_RR220411A_882C_1842.bmp,Trajectories/2022-02-06/194_RR220206A_962C_2059.bmp,194_RR220206A_962C_2059.bmp,(√13 x √13),1,SY,,2025-12-10T16:52:24.169165,,,
Trajectories/2022-04-11/293_RR220411A_882C_1842.bmp,293_RR220411A_882C_1842.bmp,Trajectories/2022-02-06/194_RR220206A_962C_2059.bmp,194_RR220206A_962C_2059.bmp,(1 x 1),1,SY,,2025-12-10T16:52:24.965838,,,
Trajectories/2022-04-11/293_RR220411A_882C_1842.bmp,293_RR220411A_882C_1842.bmp,Trajectories/2022-02-06/194_RR220206A_962C_2059.bmp,194_RR220206A_962C_2059.bmp,HTR,2,SY,,2025-12-10T16:52:25.687035,,,
Trajectories/2022-04-11/293_RR220411A_882C_1842.bmp,293_RR220411A_882C_1842.bmp,Trajectories/2022-02-06/194_RR220206A_962C_2059.bmp,194_RR220206A_962C_2059.bmp,c(6 x 2),1,SY,,2025-12-10T16:52:26.361850,,,
Trajectories/2022-04-11/227_RR220411A_877C_1726.bmp,227_RR220411A_877C_1726.bmp,Trajectories/2022-04-11/323_RR220411A_816C_1903.bmp,323_RR220411A_816C_1903.bmp,(1 x 1),tie,SY,,2025-12-10T16:53:04.584675,,,
Trajectories/2022-04-11/227_RR220411A_877C_1726.bmp,227_RR220411A_877C_1726.bmp,Trajectories/2022-04-11/323_RR220411A_816C_1903.bmp,323_RR220411A_816C_1903.bmp,Twinned(2 x 1),not_apply,SY,,2025-12-10T16:53:05.371791,,,
Trajectories/2022-04-11/227_RR220411A_877C_1726.bmp,227_RR220411A_877C_1726.bmp,Trajectories/2022-04-11/323_RR220411A_816C_1903.bmp,323_RR220411A_816C_1903.bmp,HTR,not_apply,SY,,2025-12-10T16:53:06.064212,,,
Trajectories/2022-04-11/227_RR220411A_877C_1726.bmp,227_RR220411A_877C_1726.bmp,Trajectories/2022-04-11/323_RR220411A_816C_1903.bmp,323_RR220411A_816C_1903.bmp,c(6 x 2),1,SY,,2025-12-10T16:53:06.771231,,,
Trajectories/2022-04-11/227_RR220411A_877C_1726.bmp,227_RR220411A_877C_1726.bmp,Trajectories/2022-04-11/323_RR220411A_816C_1903.bmp,323_RR220411A_816C_1903.bmp,(√13 x √13),2,SY,,2025-12-10T16:53:07.436978,,,
Trajectories/2022-02-04/192_RR220204A_607C_1831.bmp,192_RR220204A_607C_1831.bmp,Trajectories/2022-02-04/048_RR220204A_245C_0201.bmp,048_RR220204A_245C_0201.bmp,Twinned(2 x 1),tie,SY,,2025-12-10T16:53:42.934185,,,
Trajectories/2022-02-04/192_RR220204A_607C_1831.bmp,192_RR220204A_607C_1831.bmp,Trajectories/2022-02-04/048_RR220204A_245C_0201.bmp,048_RR220204A_245C_0201.bmp,HTR,not_apply,SY,,2025-12-10T16:53:43.710490,,,
Trajectories/2022-02-04/192_RR220204A_607C_1831.bmp,192_RR220204A_607C_1831.bmp,Trajectories/2022-02-04/048_RR220204A_245C_0201.bmp,048_RR220204A_245C_0201.bmp,c(6 x 2),not_apply,SY,,2025-12-10T16:53:44.399158,,,
Trajectories/2022-02-04/192_RR220204A_607C_1831.bmp,192_RR220204A_607C_1831.bmp,Trajectories/2022-02-04/048_RR220204A_245C_0201.bmp,048_RR220204A_245C_0201.bmp,(1 x 1),tie,SY,,2025-12-10T16:53:45.136881,,,
Trajectories/2022-02-04/192_RR220204A_607C_1831.bmp,192_RR220204A_607C_1831.bmp,Trajectories/2022-02-04/048_RR220204A_245C_0201.bmp,048_RR220204A_245C_0201.bmp,(√13 x √13),1,SY,,2025-12-10T16:53:45.852777,,,
Trajectories/2022-02-04/049_RR220204A_218C_0201.bmp,049_RR220204A_218C_0201.bmp,Trajectories/2022-02-04/307_RR220204A_912C_2025.bmp,307_RR220204A_912C_2025.bmp,(1 x 1),tie,SY,,2025-12-10T16:54:22.255228,,,
Trajectories/2022-02-04/049_RR220204A_218C_0201.bmp,049_RR220204A_218C_0201.bmp,Trajectories/2022-02-04/307_RR220204A_912C_2025.bmp,307_RR220204A_912C_2025.bmp,HTR,not_apply,SY,,2025-12-10T16:54:23.058574,,,
Trajectories/2022-02-04/049_RR220204A_218C_0201.bmp,049_RR220204A_218C_0201.bmp,Trajectories/2022-02-04/307_RR220204A_912C_2025.bmp,307_RR220204A_912C_2025.bmp,(√13 x √13),2,SY,,2025-12-10T16:54:23.808624,,,
Trajectories/2022-02-04/049_RR220204A_218C_0201.bmp,049_RR220204A_218C_0201.bmp,Trajectories/2022-02-04/307_RR220204A_912C_2025.bmp,307_RR220204A_912C_2025.bmp,c(6 x 2),not_apply,SY,,2025-12-10T16:54:24.538820,,,
Trajectories/2022-02-04/049_RR220204A_218C_0201.bmp,049_RR220204A_218C_0201.bmp,Trajectories/2022-02-04/307_RR220204A_912C_2025.bmp,307_RR220204A_912C_2025.bmp,Twinned(2 x 1),1,SY,,2025-12-10T16:54:25.263096,,,
Trajectories/2022-04-11/313_RR220411A_839C_1856.bmp,313_RR220411A_839C_1856.bmp,Trajectories/2022-02-04/148_RR220204A_480C_1804.bmp,148_RR220204A_480C_1804.bmp,HTR,not_apply,SY,,2025-12-10T16:55:08.391543,,,
Trajectories/2022-04-11/313_RR220411A_839C_1856.bmp,313_RR220411A_839C_1856.bmp,Trajectories/2022-02-04/148_RR220204A_480C_1804.bmp,148_RR220204A_480C_1804.bmp,(1 x 1),1,SY,,2025-12-10T16:55:09.183561,,,
Trajectories/2022-04-11/313_RR220411A_839C_1856.bmp,313_RR220411A_839C_1856.bmp,Trajectories/2022-02-04/148_RR220204A_480C_1804.bmp,148_RR220204A_480C_1804.bmp,Twinned(2 x 1),2,SY,,2025-12-10T16:55:09.909640,,,
Trajectories/2022-04-11/313_RR220411A_839C_1856.bmp,313_RR220411A_839C_1856.bmp,Trajectories/2022-02-04/148_RR220204A_480C_1804.bmp,148_RR220204A_480C_1804.bmp,c(6 x 2),1,SY,,2025-12-10T16:55:10.663841,,,
Trajectories/2022-04-11/313_RR220411A_839C_1856.bmp,313_RR220411A_839C_1856.bmp,Trajectories/2022-02-04/148_RR220204A_480C_1804.bmp,148_RR220204A_480C_1804.bmp,(√13 x √13),1,SY,,2025-12-10T16:55:11.342948,,,
Trajectories/2022-04-11/030_RR220411A_291C_1437.bmp,030_RR220411A_291C_1437.bmp,Trajectories/2022-02-06/068_RR220206A_362C_1759.bmp,068_RR220206A_362C_1759.bmp,HTR,not_apply,SY,,2025-12-10T16:55:52.310990,,,
Trajectories/2022-04-11/030_RR220411A_291C_1437.bmp,030_RR220411A_291C_1437.bmp,Trajectories/2022-02-06/068_RR220206A_362C_1759.bmp,068_RR220206A_362C_1759.bmp,c(6 x 2),not_apply,SY,,2025-12-10T16:55:53.064524,,,
Trajectories/2022-04-11/030_RR220411A_291C_1437.bmp,030_RR220411A_291C_1437.bmp,Trajectories/2022-02-06/068_RR220206A_362C_1759.bmp,068_RR220206A_362C_1759.bmp,(√13 x √13),not_apply,SY,,2025-12-10T16:55:53.741160,,,
Trajectories/2022-04-11/030_RR220411A_291C_1437.bmp,030_RR220411A_291C_1437.bmp,Trajectories/2022-02-06/068_RR220206A_362C_1759.bmp,068_RR220206A_362C_1759.bmp,(1 x 1),1,SY,,2025-12-10T16:55:54.432756,,,
Trajectories/2022-04-11/030_RR220411A_291C_1437.bmp,030_RR220411A_291C_1437.bmp,Trajectories/2022-02-06/068_RR220206A_362C_1759.bmp,068_RR220206A_362C_1759.bmp,Twinned(2 x 1),not_apply,SY,,2025-12-10T16:55:55.152158,,,
Trajectories/2022-04-11/183_RR220411A_794C_1655.bmp,183_RR220411A_794C_1655.bmp,Trajectories/2022-02-04/048_RR220204A_245C_0201.bmp,048_RR220204A_245C_0201.bmp,(√13 x √13),2,SY,,2025-12-10T16:56:27.896724,,,
Trajectories/2022-04-11/183_RR220411A_794C_1655.bmp,183_RR220411A_794C_1655.bmp,Trajectories/2022-02-04/048_RR220204A_245C_0201.bmp,048_RR220204A_245C_0201.bmp,c(6 x 2),not_apply,SY,,2025-12-10T16:56:28.616269,,,
Trajectories/2022-04-11/183_RR220411A_794C_1655.bmp,183_RR220411A_794C_1655.bmp,Trajectories/2022-02-04/048_RR220204A_245C_0201.bmp,048_RR220204A_245C_0201.bmp,(1 x 1),2,SY,,2025-12-10T16:56:29.359621,,,
Trajectories/2022-04-11/183_RR220411A_794C_1655.bmp,183_RR220411A_794C_1655.bmp,Trajectories/2022-02-04/048_RR220204A_245C_0201.bmp,048_RR220204A_245C_0201.bmp,HTR,not_apply,SY,,2025-12-10T16:56:30.137612,,,
Trajectories/2022-04-11/183_RR220411A_794C_1655.bmp,183_RR220411A_794C_1655.bmp,Trajectories/2022-02-04/048_RR220204A_245C_0201.bmp,048_RR220204A_245C_0201.bmp,Twinned(2 x 1),2,SY,,2025-12-10T16:56:31.277603,,,
Trajectories/2022-04-11/366_RR220411A_654C_1930.bmp,366_RR220411A_654C_1930.bmp,Trajectories/2022-04-11/323_RR220411A_816C_1903.bmp,323_RR220411A_816C_1903.bmp,HTR,not_apply,SY,,2025-12-10T16:57:42.092980,,,
Trajectories/2022-04-11/366_RR220411A_654C_1930.bmp,366_RR220411A_654C_1930.bmp,Trajectories/2022-04-11/323_RR220411A_816C_1903.bmp,323_RR220411A_816C_1903.bmp,(√13 x √13),tie,SY,,2025-12-10T16:57:42.961149,,,
Trajectories/2022-04-11/366_RR220411A_654C_1930.bmp,366_RR220411A_654C_1930.bmp,Trajectories/2022-04-11/323_RR220411A_816C_1903.bmp,323_RR220411A_816C_1903.bmp,c(6 x 2),tie,SY,,2025-12-10T16:57:43.641358,,,
Trajectories/2022-04-11/366_RR220411A_654C_1930.bmp,366_RR220411A_654C_1930.bmp,Trajectories/2022-04-11/323_RR220411A_816C_1903.bmp,323_RR220411A_816C_1903.bmp,Twinned(2 x 1),not_apply,SY,,2025-12-10T16:57:44.332936,,,
Trajectories/2022-04-11/366_RR220411A_654C_1930.bmp,366_RR220411A_654C_1930.bmp,Trajectories/2022-04-11/323_RR220411A_816C_1903.bmp,323_RR220411A_816C_1903.bmp,(1 x 1),tie,SY,,2025-12-10T16:57:45.015657,,,
Trajectories/2022-04-11/088_RR220411A_459C_1527.bmp,088_RR220411A_459C_1527.bmp,Trajectories/2022-02-04/133_RR220204A_467C_1754-01.bmp,133_RR220204A_467C_1754-01.bmp,Twinned(2 x 1),2,SY,,2025-12-10T16:58:22.117787,,,
Trajectories/2022-04-11/088_RR220411A_459C_1527.bmp,088_RR220411A_459C_1527.bmp,Trajectories/2022-02-04/133_RR220204A_467C_1754-01.bmp,133_RR220204A_467C_1754-01.bmp,(1 x 1),1,SY,,2025-12-10T16:58:22.926371,,,
Trajectories/2022-04-11/088_RR220411A_459C_1527.bmp,088_RR220411A_459C_1527.bmp,Trajectories/2022-02-04/133_RR220204A_467C_1754-01.bmp,133_RR220204A_467C_1754-01.bmp,c(6 x 2),not_apply,SY,,2025-12-10T16:58:23.645510,,,
Trajectories/2022-04-11/088_RR220411A_459C_1527.bmp,088_RR220411A_459C_1527.bmp,Trajectories/2022-02-04/133_RR220204A_467C_1754-01.bmp,133_RR220204A_467C_1754-01.bmp,HTR,not_apply,SY,,2025-12-10T16:58:24.312589,,,
Trajectories/2022-04-11/088_RR220411A_459C_1527.bmp,088_RR220411A_459C_1527.bmp,Trajectories/2022-02-04/133_RR220204A_467C_1754-01.bmp,133_RR220204A_467C_1754-01.bmp,(√13 x √13),2,SY,,2025-12-10T16:58:24.951554,,,
Trajectories/2022-04-11/374_RR220411A_625C_1937.bmp,374_RR220411A_625C_1937.bmp,Trajectories/2022-04-11/343_RR220411A_722C_1918.bmp,343_RR220411A_722C_1918.bmp,c(6 x 2),tie,SY,,2025-12-10T16:59:01.343136,,,
Trajectories/2022-04-11/374_RR220411A_625C_1937.bmp,374_RR220411A_625C_1937.bmp,Trajectories/2022-04-11/343_RR220411A_722C_1918.bmp,343_RR220411A_722C_1918.bmp,HTR,not_apply,SY,,2025-12-10T16:59:02.093221,,,
Trajectories/2022-04-11/374_RR220411A_625C_1937.bmp,374_RR220411A_625C_1937.bmp,Trajectories/2022-04-11/343_RR220411A_722C_1918.bmp,343_RR220411A_722C_1918.bmp,Twinned(2 x 1),not_apply,SY,,2025-12-10T16:59:04.003690,,,
Trajectories/2022-04-11/374_RR220411A_625C_1937.bmp,374_RR220411A_625C_1937.bmp,Trajectories/2022-04-11/343_RR220411A_722C_1918.bmp,343_RR220411A_722C_1918.bmp,(√13 x √13),tie,SY,,2025-12-10T16:59:05.430526,,,
Trajectories/2022-04-11/374_RR220411A_625C_1937.bmp,374_RR220411A_625C_1937.bmp,Trajectories/2022-04-11/343_RR220411A_722C_1918.bmp,343_RR220411A_722C_1918.bmp,(1 x 1),tie,SY,,2025-12-10T16:59:06.120952,,,
Trajectories/2022-02-04/194_RR220204A_610C_1832.bmp,194_RR220204A_610C_1832.bmp,Trajectories/2022-02-06/119_RR220206A_871C_1918.bmp,119_RR220206A_871C_1918.bmp,c(6 x 2),2,SY,,2025-12-10T17:00:00.739215,,,
Trajectories/2022-02-04/194_RR220204A_610C_1832.bmp,194_RR220204A_610C_1832.bmp,Trajectories/2022-02-06/119_RR220206A_871C_1918.bmp,119_RR220206A_871C_1918.bmp,Twinned(2 x 1),1,SY,,2025-12-10T17:00:01.408896,,,
Trajectories/2022-02-04/194_RR220204A_610C_1832.bmp,194_RR220204A_610C_1832.bmp,Trajectories/2022-02-06/119_RR220206A_871C_1918.bmp,119_RR220206A_871C_1918.bmp,(√13 x √13),1,SY,,2025-12-10T17:00:02.074935,,,
Trajectories/2022-02-04/194_RR220204A_610C_1832.bmp,194_RR220204A_610C_1832.bmp,Trajectories/2022-02-06/119_RR220206A_871C_1918.bmp,119_RR220206A_871C_1918.bmp,HTR,2,SY,,2025-12-10T17:00:02.734149,,,
Trajectories/2022-02-04/194_RR220204A_610C_1832.bmp,194_RR220204A_610C_1832.bmp,Trajectories/2022-02-06/119_RR220206A_871C_1918.bmp,119_RR220206A_871C_1918.bmp,(1 x 1),1,SY,,2025-12-10T17:00:03.603690,,,
Trajectories/2022-02-06/191_RR220206A_960C_2056.bmp,191_RR220206A_960C_2056.bmp,Trajectories/2022-02-04/219_RR220204A_668C_1852.bmp,219_RR220204A_668C_1852.bmp,(1 x 1),1,SY,,2025-12-10T17:00:33.631831,,,
Trajectories/2022-02-06/191_RR220206A_960C_2056.bmp,191_RR220206A_960C_2056.bmp,Trajectories/2022-02-04/219_RR220204A_668C_1852.bmp,219_RR220204A_668C_1852.bmp,HTR,1,SY,,2025-12-10T17:00:34.429593,,,
Trajectories/2022-02-06/191_RR220206A_960C_2056.bmp,191_RR220206A_960C_2056.bmp,Trajectories/2022-02-04/219_RR220204A_668C_1852.bmp,219_RR220204A_668C_1852.bmp,Twinned(2 x 1),2,SY,,2025-12-10T17:00:35.459492,,,
Trajectories/2022-02-06/191_RR220206A_960C_2056.bmp,191_RR220206A_960C_2056.bmp,Trajectories/2022-02-04/219_RR220204A_668C_1852.bmp,219_RR220204A_668C_1852.bmp,c(6 x 2),not_apply,SY,,2025-12-10T17:00:36.496415,,,
Trajectories/2022-02-06/191_RR220206A_960C_2056.bmp,191_RR220206A_960C_2056.bmp,Trajectories/2022-02-04/219_RR220204A_668C_1852.bmp,219_RR220204A_668C_1852.bmp,(√13 x √13),2,SY,,2025-12-10T17:00:37.304338,,,
Trajectories/2022-04-11/113_RR220411A_539C_1548.bmp,113_RR220411A_539C_1548.bmp,Trajectories/2022-02-04/188_RR220204A_579C_1829.bmp,188_RR220204A_579C_1829.bmp,c(6 x 2),not_apply,SY,,2025-12-10T17:01:03.728361,,,
Trajectories/2022-04-11/113_RR220411A_539C_1548.bmp,113_RR220411A_539C_1548.bmp,Trajectories/2022-02-04/188_RR220204A_579C_1829.bmp,188_RR220204A_579C_1829.bmp,(1 x 1),tie,SY,,2025-12-10T17:01:04.465418,,,
Trajectories/2022-04-11/113_RR220411A_539C_1548.bmp,113_RR220411A_539C_1548.bmp,Trajectories/2022-02-04/188_RR220204A_579C_1829.bmp,188_RR220204A_579C_1829.bmp,HTR,not_apply,SY,,2025-12-10T17:01:05.120488,,,
Trajectories/2022-04-11/113_RR220411A_539C_1548.bmp,113_RR220411A_539C_1548.bmp,Trajectories/2022-02-04/188_RR220204A_579C_1829.bmp,188_RR220204A_579C_1829.bmp,Twinned(2 x 1),2,SY,,2025-12-10T17:01:05.862160,,,
Trajectories/2022-04-11/113_RR220411A_539C_1548.bmp,113_RR220411A_539C_1548.bmp,Trajectories/2022-02-04/188_RR220204A_579C_1829.bmp,188_RR220204A_579C_1829.bmp,(√13 x √13),2,SY,,2025-12-10T17:01:06.551693,,,
Trajectories/2022-04-11/387_RR220411A_578C_1943.bmp,387_RR220411A_578C_1943.bmp,Trajectories/2022-04-11/076_RR220411A_442C_1520.bmp,076_RR220411A_442C_1520.bmp,Twinned(2 x 1),not_apply,SY,,2025-12-10T17:01:38.885310,,,
Trajectories/2022-04-11/387_RR220411A_578C_1943.bmp,387_RR220411A_578C_1943.bmp,Trajectories/2022-04-11/076_RR220411A_442C_1520.bmp,076_RR220411A_442C_1520.bmp,c(6 x 2),1,SY,,2025-12-10T17:01:39.593567,,,
Trajectories/2022-04-11/387_RR220411A_578C_1943.bmp,387_RR220411A_578C_1943.bmp,Trajectories/2022-04-11/076_RR220411A_442C_1520.bmp,076_RR220411A_442C_1520.bmp,(√13 x √13),1,SY,,2025-12-10T17:01:40.254501,,,
Trajectories/2022-04-11/387_RR220411A_578C_1943.bmp,387_RR220411A_578C_1943.bmp,Trajectories/2022-04-11/076_RR220411A_442C_1520.bmp,076_RR220411A_442C_1520.bmp,HTR,not_apply,SY,,2025-12-10T17:01:40.972197,,,
Trajectories/2022-04-11/387_RR220411A_578C_1943.bmp,387_RR220411A_578C_1943.bmp,Trajectories/2022-04-11/076_RR220411A_442C_1520.bmp,076_RR220411A_442C_1520.bmp,(1 x 1),tie,SY,,2025-12-10T17:01:41.638551,,,
Trajectories/2022-04-11/183_RR220411A_794C_1655.bmp,183_RR220411A_794C_1655.bmp,Trajectories/2022-04-11/226_RR220411A_873C_1725.bmp,226_RR220411A_873C_1725.bmp,c(6 x 2),2,SY,,2025-12-10T17:02:15.862234,,,
Trajectories/2022-04-11/183_RR220411A_794C_1655.bmp,183_RR220411A_794C_1655.bmp,Trajectories/2022-04-11/226_RR220411A_873C_1725.bmp,226_RR220411A_873C_1725.bmp,(√13 x √13),2,SY,,2025-12-10T17:02:16.573074,,,
Trajectories/2022-04-11/183_RR220411A_794C_1655.bmp,183_RR220411A_794C_1655.bmp,Trajectories/2022-04-11/226_RR220411A_873C_1725.bmp,226_RR220411A_873C_1725.bmp,(1 x 1),tie,SY,,2025-12-10T17:02:17.241921,,,
Trajectories/2022-04-11/183_RR220411A_794C_1655.bmp,183_RR220411A_794C_1655.bmp,Trajectories/2022-04-11/226_RR220411A_873C_1725.bmp,226_RR220411A_873C_1725.bmp,Twinned(2 x 1),not_apply,SY,,2025-12-10T17:02:17.909252,,,
Trajectories/2022-04-11/183_RR220411A_794C_1655.bmp,183_RR220411A_794C_1655.bmp,Trajectories/2022-04-11/226_RR220411A_873C_1725.bmp,226_RR220411A_873C_1725.bmp,HTR,not_apply,SY,,2025-12-10T17:02:18.571634,,,
Trajectories/2022-02-04/044_RR220204A_348C_0157.bmp,044_RR220204A_348C_0157.bmp,Trajectories/2022-02-04/059_RR220204A_180C_0211.bmp,059_RR220204A_180C_0211.bmp,(1 x 1),1,SY,,2025-12-10T17:02:50.595070,,,
Trajectories/2022-02-04/044_RR220204A_348C_0157.bmp,044_RR220204A_348C_0157.bmp,Trajectories/2022-02-04/059_RR220204A_180C_0211.bmp,059_RR220204A_180C_0211.bmp,(√13 x √13),1,SY,,2025-12-10T17:02:51.649320,,,
Trajectories/2022-02-04/044_RR220204A_348C_0157.bmp,044_RR220204A_348C_0157.bmp,Trajectories/2022-02-04/059_RR220204A_180C_0211.bmp,059_RR220204A_180C_0211.bmp,Twinned(2 x 1),1,SY,,2025-12-10T17:02:52.338417,,,
Trajectories/2022-02-04/044_RR220204A_348C_0157.bmp,044_RR220204A_348C_0157.bmp,Trajectories/2022-02-04/059_RR220204A_180C_0211.bmp,059_RR220204A_180C_0211.bmp,HTR,not_apply,SY,,2025-12-10T17:02:53.031443,,,
Trajectories/2022-02-04/044_RR220204A_348C_0157.bmp,044_RR220204A_348C_0157.bmp,Trajectories/2022-02-04/059_RR220204A_180C_0211.bmp,059_RR220204A_180C_0211.bmp,c(6 x 2),not_apply,SY,,2025-12-10T17:02:53.743362,,,
Trajectories/2022-04-11/011_RR220411A_219C_1424.bmp,011_RR220411A_219C_1424.bmp,Trajectories/2022-02-06/016_RR220206A_165C_1704-03.bmp,016_RR220206A_165C_1704-03.bmp,Twinned(2 x 1),not_apply,SY,,2025-12-11T15:11:43.075851,,,
Trajectories/2022-04-11/011_RR220411A_219C_1424.bmp,011_RR220411A_219C_1424.bmp,Trajectories/2022-02-06/016_RR220206A_165C_1704-03.bmp,016_RR220206A_165C_1704-03.bmp,HTR,1,SY,,2025-12-11T15:11:44.123863,,,
Trajectories/2022-04-11/011_RR220411A_219C_1424.bmp,011_RR220411A_219C_1424.bmp,Trajectories/2022-02-06/016_RR220206A_165C_1704-03.bmp,016_RR220206A_165C_1704-03.bmp,(1 x 1),1,SY,,2025-12-11T15:11:45.065479,,,
Trajectories/2022-04-11/011_RR220411A_219C_1424.bmp,011_RR220411A_219C_1424.bmp,Trajectories/2022-02-06/016_RR220206A_165C_1704-03.bmp,016_RR220206A_165C_1704-03.bmp,c(6 x 2),not_apply,SY,,2025-12-11T15:11:45.779871,,,
Trajectories/2022-04-11/011_RR220411A_219C_1424.bmp,011_RR220411A_219C_1424.bmp,Trajectories/2022-02-06/016_RR220206A_165C_1704-03.bmp,016_RR220206A_165C_1704-03.bmp,(√13 x √13),not_apply,SY,,2025-12-11T15:11:46.484415,,,
Trajectories/2022-04-11/164_RR220411A_724C_1635.bmp,164_RR220411A_724C_1635.bmp,Trajectories/2022-02-04/174_RR220204A_527C_1818.bmp,174_RR220204A_527C_1818.bmp,(1 x 1),1,AJ,,2025-12-11T15:15:31.412774,,,
Trajectories/2022-04-11/164_RR220411A_724C_1635.bmp,164_RR220411A_724C_1635.bmp,Trajectories/2022-02-04/174_RR220204A_527C_1818.bmp,174_RR220204A_527C_1818.bmp,(√13 x √13),2,AJ,,2025-12-11T15:15:32.569831,,,
Trajectories/2022-02-04/093_RR220204A_397C_1722.bmp,093_RR220204A_397C_1722.bmp,Trajectories/2022-04-11/367_RR220411A_648C_1932.bmp,367_RR220411A_648C_1932.bmp,(1 x 1),1,AJ,,2025-12-11T15:15:49.686976,,,
Trajectories/2022-02-04/093_RR220204A_397C_1722.bmp,093_RR220204A_397C_1722.bmp,Trajectories/2022-04-11/367_RR220411A_648C_1932.bmp,367_RR220411A_648C_1932.bmp,(√13 x √13),2,AJ,,2025-12-11T15:15:50.551998,,,
Trajectories/2022-02-06/257_RR220206A_581C_2222.bmp,257_RR220206A_581C_2222.bmp,Trajectories/2022-02-04/379_RR220204A_937C_2315.bmp,379_RR220204A_937C_2315.bmp,c(6 x 2),2,AJ,,2025-12-11T15:16:13.622695,,,
Trajectories/2022-02-06/257_RR220206A_581C_2222.bmp,257_RR220206A_581C_2222.bmp,Trajectories/2022-02-04/379_RR220204A_937C_2315.bmp,379_RR220204A_937C_2315.bmp,HTR,1,AJ,,2025-12-11T15:16:14.437789,,,
Trajectories/2022-02-04/206_RR220204A_641C_1841.bmp,206_RR220204A_641C_1841.bmp,Trajectories/2022-02-06/187_RR220206A_985C_2051.bmp,187_RR220206A_985C_2051.bmp,(1 x 1),1,AJ,,2025-12-11T15:19:52.474745,,,
Trajectories/2022-02-04/206_RR220204A_641C_1841.bmp,206_RR220204A_641C_1841.bmp,Trajectories/2022-02-06/187_RR220206A_985C_2051.bmp,187_RR220206A_985C_2051.bmp,HTR,2,AJ,,2025-12-11T15:19:53.651543,,,
Trajectories/2022-02-06/213_RR220206A_849C_2121.bmp,213_RR220206A_849C_2121.bmp,Trajectories/2022-04-11/104_RR220411A_501C_1540.bmp,104_RR220411A_501C_1540.bmp,HTR,1,AJ,,2025-12-11T15:20:02.844825,,,
Trajectories/2022-02-06/213_RR220206A_849C_2121.bmp,213_RR220206A_849C_2121.bmp,Trajectories/2022-04-11/104_RR220411A_501C_1540.bmp,104_RR220411A_501C_1540.bmp,(1 x 1),2,AJ,,2025-12-11T15:20:03.635506,,,
Trajectories/2022-02-04/085_RR220204A_378C_1720.bmp,085_RR220204A_378C_1720.bmp,Trajectories/2022-02-04/134_RR220204A_467C_1754-02.bmp,134_RR220204A_467C_1754-02.bmp,c(6 x 2),tie,AJ,,2025-12-11T15:20:29.032453,,,
Trajectories/2022-04-11/141_RR220411A_656C_1613.bmp,141_RR220411A_656C_1613.bmp,Trajectories/2022-04-11/203_RR220411A_843C_1711-03.bmp,203_RR220411A_843C_1711-03.bmp,(1 x 1),tie,AJ,,2025-12-11T15:20:41.477317,,,
Trajectories/2022-02-06/253_RR220206A_599C_2217.bmp,253_RR220206A_599C_2217.bmp,Trajectories/2022-02-06/124_RR220206A_894C_1924.bmp,124_RR220206A_894C_1924.bmp,(1 x 1),2,AJ,,2025-12-11T15:21:16.327688,,,
Trajectories/2022-02-06/253_RR220206A_599C_2217.bmp,253_RR220206A_599C_2217.bmp,Trajectories/2022-02-06/124_RR220206A_894C_1924.bmp,124_RR220206A_894C_1924.bmp,HTR,1,AJ,,2025-12-11T15:21:17.024425,,,
Trajectories/2022-02-04/133_RR220204A_467C_1754-01.bmp,133_RR220204A_467C_1754-01.bmp,Trajectories/2022-02-04/020_RR220204A_981C_0126-02.bmp,020_RR220204A_981C_0126-02.bmp,(1 x 1),2,AJ,,2025-12-11T15:22:36.381750,,,
Trajectories/2022-02-04/133_RR220204A_467C_1754-01.bmp,133_RR220204A_467C_1754-01.bmp,Trajectories/2022-02-04/020_RR220204A_981C_0126-02.bmp,020_RR220204A_981C_0126-02.bmp,c(6 x 2),1,AJ,,2025-12-11T15:22:37.139293,,,
Trajectories/2022-04-11/208_RR220411A_850C_1713-02.bmp,208_RR220411A_850C_1713-02.bmp,Trajectories/2022-02-04/229_RR220204A_696C_1901-02.bmp,229_RR220204A_696C_1901-02.bmp,(1 x 1),tie,AJ,,2025-12-11T15:22:44.998263,,,
Trajectories/2022-04-11/233_RR220411A_889C_1731.bmp,233_RR220411A_889C_1731.bmp,Trajectories/2022-02-04/197_RR220204A_611C_1835.bmp,197_RR220204A_611C_1835.bmp,Twinned(2 x 1),tie,AJ,,2025-12-11T15:28:01.524582,,,
Trajectories/2022-04-11/363_RR220411A_661C_1929.bmp,363_RR220411A_661C_1929.bmp,Trajectories/2022-04-11/100_RR220411A_492C_1537.bmp,100_RR220411A_492C_1537.bmp,(1 x 1),2,AJ,,2025-12-12T00:04:01.375466,,,
Trajectories/2022-04-11/363_RR220411A_661C_1929.bmp,363_RR220411A_661C_1929.bmp,Trajectories/2022-04-11/100_RR220411A_492C_1537.bmp,100_RR220411A_492C_1537.bmp,(√13 x √13),1,AJ,,2025-12-12T00:04:02.874622,,,
Trajectories/2022-02-06/102_RR220206A_698C_1845.bmp,102_RR220206A_698C_1845.bmp,Trajectories/2022-04-11/183_RR220411A_794C_1655.bmp,183_RR220411A_794C_1655.bmp,(1 x 1),tie,AJ,,2025-12-12T00:04:18.417320,,,
Trajectories/2022-02-04/263_RR220204A_793C_1934.bmp,263_RR220204A_793C_1934.bmp,Trajectories/2022-04-11/042_RR220411A_331C_1448.bmp,042_RR220411A_331C_1448.bmp,(√13 x √13),1,AJ,,2025-12-12T00:06:42.284440,,,
Trajectories/2022-02-04/263_RR220204A_793C_1934.bmp,263_RR220204A_793C_1934.bmp,Trajectories/2022-04-11/042_RR220411A_331C_1448.bmp,042_RR220411A_331C_1448.bmp,HTR,2,AJ,,2025-12-12T00:06:43.078863,,,
Trajectories/2022-02-04/161_RR220204A_504C_1810.bmp,161_RR220204A_504C_1810.bmp,Trajectories/2022-02-04/160_RR220204A_501C_1809-02.bmp,160_RR220204A_501C_1809-02.bmp,(√13 x √13),tie,AJ,,2025-12-12T00:07:09.648751,,,
Trajectories/2022-02-04/132_RR220204A_468C_1754.bmp,132_RR220204A_468C_1754.bmp,Trajectories/2022-04-11/246_RR220411A_915C_1741.bmp,246_RR220411A_915C_1741.bmp,(√13 x √13),tie,AJ,,2025-12-12T00:07:22.660185,,,
Trajectories/2022-02-04/230_RR220204A_695C_1902.bmp,230_RR220204A_695C_1902.bmp,Trajectories/2022-02-06/074_RR220206A_430C_1809.bmp,074_RR220206A_430C_1809.bmp,HTR,2,AJ,,2025-12-12T00:07:35.130088,,,
Trajectories/2022-02-04/230_RR220204A_695C_1902.bmp,230_RR220204A_695C_1902.bmp,Trajectories/2022-02-06/074_RR220206A_430C_1809.bmp,074_RR220206A_430C_1809.bmp,(√13 x √13),1,AJ,,2025-12-12T00:07:35.915228,,,
Trajectories/2022-02-06/080_RR220206A_490C_1816.bmp,080_RR220206A_490C_1816.bmp,Trajectories/2022-04-11/234_RR220411A_888C_1732.bmp,234_RR220411A_888C_1732.bmp,(√13 x √13),2,AJ,,2025-12-12T00:08:04.075203,,,
Trajectories/2022-02-06/080_RR220206A_490C_1816.bmp,080_RR220206A_490C_1816.bmp,Trajectories/2022-04-11/234_RR220411A_888C_1732.bmp,234_RR220411A_888C_1732.bmp,(1 x 1),1,AJ,,2025-12-12T00:08:04.869380,,,
Trajectories/2022-02-06/180_RR220206A_1031C_2041.bmp,180_RR220206A_1031C_2041.bmp,Trajectories/2022-04-11/277_RR220411A_936C_1828.bmp,277_RR220411A_936C_1828.bmp,(√13 x √13),2,AJ,,2025-12-12T00:09:09.670203,,,
Trajectories/2022-02-06/180_RR220206A_1031C_2041.bmp,180_RR220206A_1031C_2041.bmp,Trajectories/2022-04-11/277_RR220411A_936C_1828.bmp,277_RR220411A_936C_1828.bmp,HTR,1,AJ,,2025-12-12T00:09:10.571310,,,
Trajectories/2022-02-04/080_RR220204A_301C_1718.bmp,080_RR220204A_301C_1718.bmp,Trajectories/2022-02-04/076_RR220204A_299C_1713.bmp,076_RR220204A_299C_1713.bmp,(√13 x √13),tie,AJ,,2025-12-12T00:09:31.398149,,,
Trajectories/2022-02-04/320_RR220204A_915C_2039.bmp,320_RR220204A_915C_2039.bmp,Trajectories/2022-02-06/282_RR220206A_184C_2256.bmp,282_RR220206A_184C_2256.bmp,(√13 x √13),1,AJ,,2025-12-12T00:09:41.214684,,,
Trajectories/2022-02-04/320_RR220204A_915C_2039.bmp,320_RR220204A_915C_2039.bmp,Trajectories/2022-02-06/282_RR220206A_184C_2256.bmp,282_RR220206A_184C_2256.bmp,HTR,2,AJ,,2025-12-12T00:09:41.963238,,,
Trajectories/2022-02-04/329_RR220204A_946C_2054.bmp,329_RR220204A_946C_2054.bmp,Trajectories/2022-02-04/079_RR220204A_301C_1717.bmp,079_RR220204A_301C_1717.bmp,(√13 x √13),tie,AJ,,2025-12-12T00:09:51.393771,,,
Trajectories/2022-02-04/342_RR220204A_941C_2115.bmp,342_RR220204A_941C_2115.bmp,Trajectories/2022-02-04/333_RR220204A_939C_2059.bmp,333_RR220204A_939C_2059.bmp,(√13 x √13),tie,AJ,,2025-12-12T00:10:07.572303,,,
Trajectories/2022-02-04/239_RR220204A_720C_1910.bmp,239_RR220204A_720C_1910.bmp,Trajectories/2022-04-11/154_RR220411A_696C_1624.bmp,154_RR220411A_696C_1624.bmp,(1 x 1),2,AJ,,2025-12-12T00:11:14.363974,,,
Trajectories/2022-02-04/239_RR220204A_720C_1910.bmp,239_RR220204A_720C_1910.bmp,Trajectories/2022-04-11/154_RR220411A_696C_1624.bmp,154_RR220411A_696C_1624.bmp,(√13 x √13),1,AJ,,2025-12-12T00:11:15.187347,,,
Trajectories/2022-02-04/294_RR220204A_843C_2014.bmp,294_RR220204A_843C_2014.bmp,Trajectories/2022-02-06/140_RR220206A_993C_1941.bmp,140_RR220206A_993C_1941.bmp,(√13 x √13),1,AJ,,2025-12-12T00:11:31.731499,,,
Trajectories/2022-02-04/294_RR220204A_843C_2014.bmp,294_RR220204A_843C_2014.bmp,Trajectories/2022-02-06/140_RR220206A_993C_1941.bmp,140_RR220206A_993C_1941.bmp,HTR,2,AJ,,2025-12-12T00:11:32.525228,,,
Trajectories/2022-04-11/349_RR220411A_705C_1921.bmp,349_RR220411A_705C_1921.bmp,Trajectories/2022-04-11/065_RR220411A_414C_1512.bmp,065_RR220411A_414C_1512.bmp,(1 x 1),2,AJ,,2025-12-12T00:15:55.980307,,,
Trajectories/2022-04-11/349_RR220411A_705C_1921.bmp,349_RR220411A_705C_1921.bmp,Trajectories/2022-04-11/065_RR220411A_414C_1512.bmp,065_RR220411A_414C_1512.bmp,(√13 x √13),1,AJ,,2025-12-12T00:15:56.879370,,,
Trajectories/2022-02-06/203_RR220206A_876C_2110-01.bmp,203_RR220206A_876C_2110-01.bmp,Trajectories/2022-04-11/394_RR220411A_546C_1946.bmp,394_RR220411A_546C_1946.bmp,(√13 x √13),2,AJ,,2025-12-12T00:16:08.978772,,,
Trajectories/2022-02-06/203_RR220206A_876C_2110-01.bmp,203_RR220206A_876C_2110-01.bmp,Trajectories/2022-04-11/394_RR220411A_546C_1946.bmp,394_RR220411A_546C_1946.bmp,HTR,1,AJ,,2025-12-12T00:16:09.702536,,,
Trajectories/2022-02-04/221_RR220204A_666C_1854.bmp,221_RR220204A_666C_1854.bmp,Trajectories/2022-02-04/339_RR220204A_938C_2110.bmp,339_RR220204A_938C_2110.bmp,(√13 x √13),tie,AJ,,2025-12-12T00:16:20.231879,,,
Trajectories/2022-02-06/215_RR220206A_835C_2123.bmp,215_RR220206A_835C_2123.bmp,Trajectories/2022-04-11/140_RR220411A_647C_1612.bmp,140_RR220411A_647C_1612.bmp,HTR,1,AJ,,2025-12-12T00:16:35.915204,,,
Trajectories/2022-02-06/215_RR220206A_835C_2123.bmp,215_RR220206A_835C_2123.bmp,Trajectories/2022-04-11/140_RR220411A_647C_1612.bmp,140_RR220411A_647C_1612.bmp,(1 x 1),2,AJ,,2025-12-12T00:16:36.690209,,,
Trajectories/2022-02-04/347_RR220204A_954C_2124.bmp,347_RR220204A_954C_2124.bmp,Trajectories/2022-02-04/106_RR220204A_430C_1736.bmp,106_RR220204A_430C_1736.bmp,(√13 x √13),tie,AJ,,2025-12-12T00:16:52.540382,,,
Trajectories/2022-04-11/001_RR220411A_180C_1417-01.bmp,001_RR220411A_180C_1417-01.bmp,Trajectories/2022-04-11/051_RR220411A_370C_1500.bmp,051_RR220411A_370C_1500.bmp,(1 x 1),tie,AJ,,2025-12-12T00:17:07.694727,,,
Trajectories/2022-02-06/163_RR220206A_1105C_2015.bmp,163_RR220206A_1105C_2015.bmp,Trajectories/2022-04-11/417_RR220411A_427C_1956.bmp,417_RR220411A_427C_1956.bmp,HTR,1,AJ,,2025-12-12T00:17:19.567602,,,
Trajectories/2022-02-06/163_RR220206A_1105C_2015.bmp,163_RR220206A_1105C_2015.bmp,Trajectories/2022-04-11/417_RR220411A_427C_1956.bmp,417_RR220411A_427C_1956.bmp,(√13 x √13),2,AJ,,2025-12-12T00:17:20.299524,,,
Trajectories/2022-02-06/191_RR220206A_960C_2056.bmp,191_RR220206A_960C_2056.bmp,Trajectories/2022-04-11/286_RR220411A_906C_1837.bmp,286_RR220411A_906C_1837.bmp,(√13 x √13),2,AJ,,2025-12-12T00:17:43.141133,,,
Trajectories/2022-02-06/191_RR220206A_960C_2056.bmp,191_RR220206A_960C_2056.bmp,Trajectories/2022-04-11/286_RR220411A_906C_1837.bmp,286_RR220411A_906C_1837.bmp,HTR,1,AJ,,2025-12-12T00:17:43.885005,,,
Trajectories/2022-02-04/164_RR220204A_507C_1811.bmp,164_RR220204A_507C_1811.bmp,Trajectories/2022-02-06/074_RR220206A_430C_1809.bmp,074_RR220206A_430C_1809.bmp,(1 x 1),2,AJ,,2025-12-12T00:17:58.961099,,,
Trajectories/2022-02-04/164_RR220204A_507C_1811.bmp,164_RR220204A_507C_1811.bmp,Trajectories/2022-02-06/074_RR220206A_430C_1809.bmp,074_RR220206A_430C_1809.bmp,(√13 x √13),1,AJ,,2025-12-12T00:17:59.643649,,,
Trajectories/2022-04-11/443_RR220411A_303C_2007.bmp,443_RR220411A_303C_2007.bmp,Trajectories/2022-04-11/397_RR220411A_528C_1948.bmp,397_RR220411A_528C_1948.bmp,(√13 x √13),tie,AJ,,2025-12-12T00:18:11.173158,,,
Trajectories/2022-04-11/066_RR220411A_416C_1513-01.bmp,066_RR220411A_416C_1513-01.bmp,Trajectories/2022-04-11/292_RR220411A_887C_1841.bmp,292_RR220411A_887C_1841.bmp,(√13 x √13),2,AJ,,2025-12-12T00:18:23.485168,,,
Trajectories/2022-04-11/066_RR220411A_416C_1513-01.bmp,066_RR220411A_416C_1513-01.bmp,Trajectories/2022-04-11/292_RR220411A_887C_1841.bmp,292_RR220411A_887C_1841.bmp,(1 x 1),1,AJ,,2025-12-12T00:18:24.201465,,,
Trajectories/2022-02-04/148_RR220204A_480C_1804.bmp,148_RR220204A_480C_1804.bmp,Trajectories/2022-04-11/314_RR220411A_836C_1857.bmp,314_RR220411A_836C_1857.bmp,(√13 x √13),tie,AJ,,2025-12-12T00:18:45.475955,,,
Trajectories/2022-04-11/036_RR220411A_313C_1443.bmp,036_RR220411A_313C_1443.bmp,Trajectories/2022-04-11/072_RR220411A_429C_1516.bmp,072_RR220411A_429C_1516.bmp,(1 x 1),tie,AJ,,2025-12-12T00:18:56.770269,,,
Trajectories/2022-02-06/068_RR220206A_362C_1759.bmp,068_RR220206A_362C_1759.bmp,Trajectories/2022-02-04/235_RR220204A_725C_1905.bmp,235_RR220204A_725C_1905.bmp,(1 x 1),1,AJ,,2025-12-12T00:19:37.453925,,,
Trajectories/2022-02-06/068_RR220206A_362C_1759.bmp,068_RR220206A_362C_1759.bmp,Trajectories/2022-02-04/235_RR220204A_725C_1905.bmp,235_RR220204A_725C_1905.bmp,(√13 x √13),2,AJ,,2025-12-12T00:19:38.236822,,,
Trajectories/2022-02-04/385_RR220204A_939C_2340.bmp,385_RR220204A_939C_2340.bmp,Trajectories/2022-02-06/171_RR220206A_1085C_2027.bmp,171_RR220206A_1085C_2027.bmp,HTR,2,AJ,,2025-12-12T00:20:02.531552,,,
Trajectories/2022-02-04/385_RR220204A_939C_2340.bmp,385_RR220204A_939C_2340.bmp,Trajectories/2022-02-06/171_RR220206A_1085C_2027.bmp,171_RR220206A_1085C_2027.bmp,(√13 x √13),1,AJ,,2025-12-12T00:20:03.262208,,,
Trajectories/2022-02-06/163_RR220206A_1105C_2015.bmp,163_RR220206A_1105C_2015.bmp,Trajectories/2022-02-06/249_RR220206A_638C_2210.bmp,249_RR220206A_638C_2210.bmp,HTR,tie,AJ,,2025-12-12T00:20:17.137865,,,
Trajectories/2022-02-04/296_RR220204A_869C_2015.bmp,296_RR220204A_869C_2015.bmp,Trajectories/2022-04-11/009_RR220411A_206C_1423.bmp,009_RR220411A_206C_1423.bmp,(1 x 1),2,AJ,,2025-12-12T00:20:43.071402,,,
Trajectories/2022-02-04/296_RR220204A_869C_2015.bmp,296_RR220204A_869C_2015.bmp,Trajectories/2022-04-11/009_RR220411A_206C_1423.bmp,009_RR220411A_206C_1423.bmp,(√13 x √13),1,AJ,,2025-12-12T00:20:44.010217,,,
Trajectories/2022-02-06/158_RR220206A_1105C_2008.bmp,158_RR220206A_1105C_2008.bmp,Trajectories/2022-04-11/357_RR220411A_684C_1925.bmp,357_RR220411A_684C_1925.bmp,(√13 x √13),2,AJ,,2025-12-12T00:20:55.718735,,,
Trajectories/2022-02-06/158_RR220206A_1105C_2008.bmp,158_RR220206A_1105C_2008.bmp,Trajectories/2022-04-11/357_RR220411A_684C_1925.bmp,357_RR220411A_684C_1925.bmp,HTR,1,AJ,,2025-12-12T00:20:56.750543,,,
Trajectories/2022-02-04/337_RR220204A_938C_2106.bmp,337_RR220204A_938C_2106.bmp,Trajectories/2022-02-04/205_RR220204A_642C_1839-02.bmp,205_RR220204A_642C_1839-02.bmp,(√13 x √13),tie,AJ,,2025-12-12T00:21:51.672406,,,
Trajectories/2022-02-04/378_RR220204A_938C_2312.bmp,378_RR220204A_938C_2312.bmp,Trajectories/2022-02-06/229_RR220206A_766C_2141.bmp,229_RR220206A_766C_2141.bmp,HTR,2,AJ,,2025-12-12T00:22:55.632331,,,
Trajectories/2022-02-04/378_RR220204A_938C_2312.bmp,378_RR220204A_938C_2312.bmp,Trajectories/2022-02-06/229_RR220206A_766C_2141.bmp,229_RR220206A_766C_2141.bmp,(√13 x √13),1,AJ,,2025-12-12T00:22:56.345066,,,
Trajectories/2022-04-11/108_RR220411A_507C_1543.bmp,108_RR220411A_507C_1543.bmp,Trajectories/2022-04-11/379_RR220411A_614C_1940.bmp,379_RR220411A_614C_1940.bmp,(1 x 1),1,AJ,,2025-12-12T00:23:19.860318,,,
Trajectories/2022-04-11/108_RR220411A_507C_1543.bmp,108_RR220411A_507C_1543.bmp,Trajectories/2022-04-11/379_RR220411A_614C_1940.bmp,379_RR220411A_614C_1940.bmp,(√13 x √13),2,AJ,,2025-12-12T00:23:20.822037,,,
Trajectories/2022-02-06/273_RR220206A_423C_2243.bmp,273_RR220206A_423C_2243.bmp,Trajectories/2022-04-11/093_RR220411A_482C_1531.bmp,093_RR220411A_482C_1531.bmp,(1 x 1),2,SY,,2025-12-12T22:07:21.588392,,,
Trajectories/2022-02-06/273_RR220206A_423C_2243.bmp,273_RR220206A_423C_2243.bmp,Trajectories/2022-04-11/093_RR220411A_482C_1531.bmp,093_RR220411A_482C_1531.bmp,Twinned(2 x 1),not_apply,SY,,2025-12-12T22:07:23.277141,,,
Trajectories/2022-02-06/273_RR220206A_423C_2243.bmp,273_RR220206A_423C_2243.bmp,Trajectories/2022-04-11/093_RR220411A_482C_1531.bmp,093_RR220411A_482C_1531.bmp,HTR,1,SY,,2025-12-12T22:07:24.436931,,,
Trajectories/2022-02-06/273_RR220206A_423C_2243.bmp,273_RR220206A_423C_2243.bmp,Trajectories/2022-04-11/093_RR220411A_482C_1531.bmp,093_RR220411A_482C_1531.bmp,c(6 x 2),1,SY,,2025-12-12T22:07:25.752354,,,
Trajectories/2022-02-06/273_RR220206A_423C_2243.bmp,273_RR220206A_423C_2243.bmp,Trajectories/2022-04-11/093_RR220411A_482C_1531.bmp,093_RR220411A_482C_1531.bmp,(√13 x √13),not_apply,SY,,2025-12-12T22:07:26.949242,,,
Trajectories/2022-02-06/123_RR220206A_894C_1923.bmp,123_RR220206A_894C_1923.bmp,Trajectories/2022-02-04/117_RR220204A_445C_1740.bmp,117_RR220204A_445C_1740.bmp,c(6 x 2),2,AJ,,2025-12-06 01:24:55,,,
Trajectories/2022-02-06/123_RR220206A_894C_1923.bmp,123_RR220206A_894C_1923.bmp,Trajectories/2022-02-04/117_RR220204A_445C_1740.bmp,117_RR220204A_445C_1740.bmp,(1 x 1),1,AJ,,2025-12-06 01:24:55,,,
Trajectories/2022-02-04/034_RR220204A_655C_0142.bmp,034_RR220204A_655C_0142.bmp,Trajectories/2022-02-06/272_RR220206A_424C_2242.bmp,272_RR220206A_424C_2242.bmp,HTR,2,AJ,,2025-12-06 01:24:31,,,
Trajectories/2022-02-04/034_RR220204A_655C_0142.bmp,034_RR220204A_655C_0142.bmp,Trajectories/2022-02-06/272_RR220206A_424C_2242.bmp,272_RR220206A_424C_2242.bmp,c(6 x 2),1,AJ,,2025-12-06 01:24:31,,,
Trajectories/2022-04-11/359_RR220411A_675C_1926.bmp,359_RR220411A_675C_1926.bmp,Trajectories/2022-02-04/262_RR220204A_793C_1932.bmp,262_RR220204A_793C_1932.bmp,c(6 x 2),2,AJ,,2025-12-06 01:24:10,,,
Trajectories/2022-04-11/359_RR220411A_675C_1926.bmp,359_RR220411A_675C_1926.bmp,Trajectories/2022-02-04/262_RR220204A_793C_1932.bmp,262_RR220204A_793C_1932.bmp,(√13 x √13),1,AJ,,2025-12-06 01:24:10,,,
Trajectories/2022-02-04/309_RR220204A_911C_2027.bmp,309_RR220204A_911C_2027.bmp,Trajectories/2022-02-04/361_RR220204A_947C_2156.bmp,361_RR220204A_947C_2156.bmp,(√13 x √13),tie,AJ,,2025-12-06 01:23:38,,,
Trajectories/2022-02-06/098_RR220206A_656C_1838.bmp,098_RR220206A_656C_1838.bmp,Trajectories/2022-02-04/192_RR220204A_607C_1831.bmp,192_RR220204A_607C_1831.bmp,(1 x 1),1,AJ,,2025-12-06 01:23:17,,,
Trajectories/2022-02-06/098_RR220206A_656C_1838.bmp,098_RR220206A_656C_1838.bmp,Trajectories/2022-02-04/192_RR220204A_607C_1831.bmp,192_RR220204A_607C_1831.bmp,(√13 x √13),2,AJ,,2025-12-06 01:23:17,,,
Trajectories/2022-02-06/207_RR220206A_875C_2114.bmp,207_RR220206A_875C_2114.bmp,Trajectories/2022-02-06/104_RR220206A_734C_1847.bmp,104_RR220206A_734C_1847.bmp,HTR,1,AJ,,2025-12-06 01:22:53,,,
Trajectories/2022-02-06/207_RR220206A_875C_2114.bmp,207_RR220206A_875C_2114.bmp,Trajectories/2022-02-06/104_RR220206A_734C_1847.bmp,104_RR220206A_734C_1847.bmp,(1 x 1),2,AJ,,2025-12-06 01:22:53,,,
Trajectories/2022-04-11/120_RR220411A_555C_1553.bmp,120_RR220411A_555C_1553.bmp,Trajectories/2022-02-04/215_RR220204A_669C_1848.bmp,215_RR220204A_669C_1848.bmp,(1 x 1),1,AJ,,2025-12-06 01:22:37,,,
Trajectories/2022-04-11/120_RR220411A_555C_1553.bmp,120_RR220411A_555C_1553.bmp,Trajectories/2022-02-04/215_RR220204A_669C_1848.bmp,215_RR220204A_669C_1848.bmp,(√13 x √13),2,AJ,,2025-12-06 01:22:37,,,
Trajectories/2022-04-11/332_RR220411A_756C_1911.bmp,332_RR220411A_756C_1911.bmp,Trajectories/2022-04-11/320_RR220411A_824C_1901.bmp,320_RR220411A_824C_1901.bmp,(√13 x √13),tie,AJ,,2025-12-06 01:22:26,,,
Trajectories/2022-04-11/258_RR220411A_932C_1751.bmp,258_RR220411A_932C_1751.bmp,Trajectories/2022-04-11/246_RR220411A_915C_1741.bmp,246_RR220411A_915C_1741.bmp,(√13 x √13),tie,AJ,,2025-12-06 01:22:11,,,
Trajectories/2022-02-04/063_RR220204A_165C_0215-03.bmp,063_RR220204A_165C_0215-03.bmp,Trajectories/2022-04-11/376_RR220411A_620C_1938.bmp,376_RR220411A_620C_1938.bmp,Other,1,AJ,,2025-12-06 01:21:25,,,
Trajectories/2022-02-04/063_RR220204A_165C_0215-03.bmp,063_RR220204A_165C_0215-03.bmp,Trajectories/2022-04-11/376_RR220411A_620C_1938.bmp,376_RR220411A_620C_1938.bmp,HTR,2,AJ,,2025-12-06 01:21:25,,,
Trajectories/2022-02-04/382_RR220204A_935C_2330.bmp,382_RR220204A_935C_2330.bmp,Trajectories/2022-02-04/085_RR220204A_378C_1720.bmp,085_RR220204A_378C_1720.bmp,(√13 x √13),tie,AJ,,2025-12-06 01:21:05,,,
Trajectories/2022-02-04/074_RR220204A_297C_1711.bmp,074_RR220204A_297C_1711.bmp,Trajectories/2022-02-04/037_RR220204A_579C_0146.bmp,037_RR220204A_579C_0146.bmp,(√13 x √13),tie,AJ,,2025-12-06 01:20:43,,,
Trajectories/2022-02-04/287_RR220204A_851C_2008.bmp,287_RR220204A_851C_2008.bmp,Trajectories/2022-04-11/409_RR220411A_474C_1953.bmp,409_RR220411A_474C_1953.bmp,(√13 x √13),2,AJ,,2025-12-06 01:20:27,,,
Trajectories/2022-02-04/287_RR220204A_851C_2008.bmp,287_RR220204A_851C_2008.bmp,Trajectories/2022-04-11/409_RR220411A_474C_1953.bmp,409_RR220411A_474C_1953.bmp,c(6 x 2),1,AJ,,2025-12-06 01:20:27,,,
Trajectories/2022-02-06/163_RR220206A_1105C_2015.bmp,163_RR220206A_1105C_2015.bmp,Trajectories/2022-02-04/341_RR220204A_937C_2114.bmp,341_RR220204A_937C_2114.bmp,(√13 x √13),2,AJ,,2025-12-06 01:19:50,,,
Trajectories/2022-02-06/163_RR220206A_1105C_2015.bmp,163_RR220206A_1105C_2015.bmp,Trajectories/2022-02-04/341_RR220204A_937C_2114.bmp,341_RR220204A_937C_2114.bmp,HTR,1,AJ,,2025-12-06 01:19:50,,,
Trajectories/2022-04-11/379_RR220411A_614C_1940.bmp,379_RR220411A_614C_1940.bmp,Trajectories/2022-02-06/273_RR220206A_423C_2243.bmp,273_RR220206A_423C_2243.bmp,HTR,2,AJ,,2025-12-06 01:19:39,,,
Trajectories/2022-04-11/379_RR220411A_614C_1940.bmp,379_RR220411A_614C_1940.bmp,Trajectories/2022-02-06/273_RR220206A_423C_2243.bmp,273_RR220206A_423C_2243.bmp,(√13 x √13),1,AJ,,2025-12-06 01:19:39,,,
Trajectories/2022-04-11/363_RR220411A_661C_1929.bmp,363_RR220411A_661C_1929.bmp,Trajectories/2022-02-04/147_RR220204A_486C_1804.bmp,147_RR220204A_486C_1804.bmp,(√13 x √13),tie,AJ,,2025-12-06 01:19:25,,,
Trajectories/2022-02-06/058_RR220206A_249C_1745.bmp,058_RR220206A_249C_1745.bmp,Trajectories/2022-04-11/178_RR220411A_774C_1649.bmp,178_RR220411A_774C_1649.bmp,(1 x 1),2,AJ,,2025-12-06 01:18:28,,,
Trajectories/2022-02-06/058_RR220206A_249C_1745.bmp,058_RR220206A_249C_1745.bmp,Trajectories/2022-04-11/178_RR220411A_774C_1649.bmp,178_RR220411A_774C_1649.bmp,Other,1,AJ,,2025-12-06 01:18:28,,,
Trajectories/2022-02-06/171_RR220206A_1085C_2027.bmp,171_RR220206A_1085C_2027.bmp,Trajectories/2022-02-04/038_RR220204A_576C_0147.bmp,038_RR220204A_576C_0147.bmp,(√13 x √13),2,AJ,,2025-12-06 01:18:06,,,
Trajectories/2022-02-06/171_RR220206A_1085C_2027.bmp,171_RR220206A_1085C_2027.bmp,Trajectories/2022-02-04/038_RR220204A_576C_0147.bmp,038_RR220204A_576C_0147.bmp,HTR,1,AJ,,2025-12-06 01:18:05,,,
Trajectories/2022-02-06/057_RR220206A_249C_1744.bmp,057_RR220206A_249C_1744.bmp,Trajectories/2022-02-06/154_RR220206A_1092C_2003-02.bmp,154_RR220206A_1092C_2003-02.bmp,(1 x 1),1,AJ,,2025-12-06 01:17:47,,,
Trajectories/2022-02-06/057_RR220206A_249C_1744.bmp,057_RR220206A_249C_1744.bmp,Trajectories/2022-02-06/154_RR220206A_1092C_2003-02.bmp,154_RR220206A_1092C_2003-02.bmp,HTR,2,AJ,,2025-12-06 01:17:47,,,
Trajectories/2022-04-11/147_RR220411A_671C_1617.bmp,147_RR220411A_671C_1617.bmp,Trajectories/2022-02-04/184_RR220204A_576C_1826.bmp,184_RR220204A_576C_1826.bmp,(1 x 1),2,SY,,2025-12-14 08:53:40,,,
Trajectories/2022-04-11/147_RR220411A_671C_1617.bmp,147_RR220411A_671C_1617.bmp,Trajectories/2022-02-04/184_RR220204A_576C_1826.bmp,184_RR220204A_576C_1826.bmp,c(6 x 2),not_apply,SY,,2025-12-14 08:53:40,,,
Trajectories/2022-04-11/147_RR220411A_671C_1617.bmp,147_RR220411A_671C_1617.bmp,Trajectories/2022-02-04/184_RR220204A_576C_1826.bmp,184_RR220204A_576C_1826.bmp,HTR,not_apply,SY,,2025-12-14 08:53:40,,,
Trajectories/2022-04-11/147_RR220411A_671C_1617.bmp,147_RR220411A_671C_1617.bmp,Trajectories/2022-02-04/184_RR220204A_576C_1826.bmp,184_RR220204A_576C_1826.bmp,Twinned(2 x 1),2,SY,,2025-12-14 08:53:40,,,
Trajectories/2022-04-11/147_RR220411A_671C_1617.bmp,147_RR220411A_671C_1617.bmp,Trajectories/2022-02-04/184_RR220204A_576C_1826.bmp,184_RR220204A_576C_1826.bmp,(√13 x √13),2,SY,,2025-12-14 08:53:40,,,
Trajectories/2022-04-11/147_RR220411A_671C_1617.bmp,147_RR220411A_671C_1617.bmp,Trajectories/2022-02-04/184_RR220204A_576C_1826.bmp,184_RR220204A_576C_1826.bmp,Other,not_apply,SY,,2025-12-14 08:53:40,,,
Trajectories/2022-02-06/055_RR220206A_239C_1742.bmp,055_RR220206A_239C_1742.bmp,Trajectories/2022-04-11/409_RR220411A_474C_1953.bmp,409_RR220411A_474C_1953.bmp,(1 x 1),2,SY,,2025-12-14 08:53:40,,,
Trajectories/2022-02-06/055_RR220206A_239C_1742.bmp,055_RR220206A_239C_1742.bmp,Trajectories/2022-04-11/409_RR220411A_474C_1953.bmp,409_RR220411A_474C_1953.bmp,(√13 x √13),2,SY,,2025-12-14 08:53:40,,,
Trajectories/2022-02-06/055_RR220206A_239C_1742.bmp,055_RR220206A_239C_1742.bmp,Trajectories/2022-04-11/409_RR220411A_474C_1953.bmp,409_RR220411A_474C_1953.bmp,HTR,not_apply,SY,,2025-12-14 08:53:40,,,
Trajectories/2022-02-06/055_RR220206A_239C_1742.bmp,055_RR220206A_239C_1742.bmp,Trajectories/2022-04-11/409_RR220411A_474C_1953.bmp,409_RR220411A_474C_1953.bmp,c(6 x 2),2,SY,,2025-12-14 08:53:40,,,
Trajectories/2022-02-06/055_RR220206A_239C_1742.bmp,055_RR220206A_239C_1742.bmp,Trajectories/2022-04-11/409_RR220411A_474C_1953.bmp,409_RR220411A_474C_1953.bmp,Twinned(2 x 1),not_apply,SY,,2025-12-14 08:53:40,,,
Trajectories/2022-02-06/055_RR220206A_239C_1742.bmp,055_RR220206A_239C_1742.bmp,Trajectories/2022-04-11/409_RR220411A_474C_1953.bmp,409_RR220411A_474C_1953.bmp,Other,not_apply,SY,,2025-12-14 08:53:40,,,
Trajectories/2022-02-04/069_RR220204A_293C_1706.bmp,069_RR220204A_293C_1706.bmp,Trajectories/2022-02-06/147_RR220206A_1024C_1953.bmp,147_RR220206A_1024C_1953.bmp,(1 x 1),1,SY,,2025-12-14 08:53:40,,,
Trajectories/2022-02-04/069_RR220204A_293C_1706.bmp,069_RR220204A_293C_1706.bmp,Trajectories/2022-02-06/147_RR220206A_1024C_1953.bmp,147_RR220206A_1024C_1953.bmp,(√13 x √13),1,SY,,2025-12-14 08:53:40,,,
Trajectories/2022-02-04/069_RR220204A_293C_1706.bmp,069_RR220204A_293C_1706.bmp,Trajectories/2022-02-06/147_RR220206A_1024C_1953.bmp,147_RR220206A_1024C_1953.bmp,c(6 x 2),2,SY,,2025-12-14 08:53:40,,,
Trajectories/2022-02-04/069_RR220204A_293C_1706.bmp,069_RR220204A_293C_1706.bmp,Trajectories/2022-02-06/147_RR220206A_1024C_1953.bmp,147_RR220206A_1024C_1953.bmp,Other,not_apply,SY,,2025-12-14 08:53:40,,,
Trajectories/2022-02-04/069_RR220204A_293C_1706.bmp,069_RR220204A_293C_1706.bmp,Trajectories/2022-02-06/147_RR220206A_1024C_1953.bmp,147_RR220206A_1024C_1953.bmp,Twinned(2 x 1),1,SY,,2025-12-14 08:53:40,,,
Trajectories/2022-02-04/069_RR220204A_293C_1706.bmp,069_RR220204A_293C_1706.bmp,Trajectories/2022-02-06/147_RR220206A_1024C_1953.bmp,147_RR220206A_1024C_1953.bmp,HTR,2,SY,,2025-12-14 08:53:40,,,
Trajectories/2022-02-04/261_RR220204A_790C_1930.bmp,261_RR220204A_790C_1930.bmp,Trajectories/2022-02-04/024_RR220204A_927C_0130.bmp,024_RR220204A_927C_0130.bmp,HTR,not_apply,SY,,2025-12-14 08:53:40,,,
Trajectories/2022-02-04/261_RR220204A_790C_1930.bmp,261_RR220204A_790C_1930.bmp,Trajectories/2022-02-04/024_RR220204A_927C_0130.bmp,024_RR220204A_927C_0130.bmp,Twinned(2 x 1),tie,SY,,2025-12-14 08:53:40,,,
Trajectories/2022-02-04/261_RR220204A_790C_1930.bmp,261_RR220204A_790C_1930.bmp,Trajectories/2022-02-04/024_RR220204A_927C_0130.bmp,024_RR220204A_927C_0130.bmp,c(6 x 2),not_apply,SY,,2025-12-14 08:53:40,,,
Trajectories/2022-02-04/261_RR220204A_790C_1930.bmp,261_RR220204A_790C_1930.bmp,Trajectories/2022-02-04/024_RR220204A_927C_0130.bmp,024_RR220204A_927C_0130.bmp,Other,not_apply,SY,,2025-12-14 08:53:40,,,
Trajectories/2022-02-04/261_RR220204A_790C_1930.bmp,261_RR220204A_790C_1930.bmp,Trajectories/2022-02-04/024_RR220204A_927C_0130.bmp,024_RR220204A_927C_0130.bmp,(1 x 1),2,SY,,2025-12-14 08:53:40,,,
Trajectories/2022-02-04/320_RR220204A_915C_2039.bmp,320_RR220204A_915C_2039.bmp,Trajectories/2022-02-04/195_RR220204A_611C_1832.bmp,195_RR220204A_611C_1832.bmp,(1 x 1),tie,SY,,2025-12-14 08:53:40,,,
Trajectories/2022-02-04/320_RR220204A_915C_2039.bmp,320_RR220204A_915C_2039.bmp,Trajectories/2022-02-04/195_RR220204A_611C_1832.bmp,195_RR220204A_611C_1832.bmp,(√13 x √13),1,SY,,2025-12-14 08:53:40,,,
Trajectories/2022-02-04/320_RR220204A_915C_2039.bmp,320_RR220204A_915C_2039.bmp,Trajectories/2022-02-04/195_RR220204A_611C_1832.bmp,195_RR220204A_611C_1832.bmp,Other,not_apply,SY,,2025-12-14 08:53:40,,,
Trajectories/2022-02-04/320_RR220204A_915C_2039.bmp,320_RR220204A_915C_2039.bmp,Trajectories/2022-02-04/195_RR220204A_611C_1832.bmp,195_RR220204A_611C_1832.bmp,Twinned(2 x 1),tie,SY,,2025-12-14 08:53:40,,,
Trajectories/2022-02-04/320_RR220204A_915C_2039.bmp,320_RR220204A_915C_2039.bmp,Trajectories/2022-02-04/195_RR220204A_611C_1832.bmp,195_RR220204A_611C_1832.bmp,HTR,not_apply,SY,,2025-12-14 08:53:40,,,
Trajectories/2022-02-04/320_RR220204A_915C_2039.bmp,320_RR220204A_915C_2039.bmp,Trajectories/2022-02-04/195_RR220204A_611C_1832.bmp,195_RR220204A_611C_1832.bmp,c(6 x 2),not_apply,SY,,2025-12-14 08:53:40,,,
Trajectories/2022-02-04/129_RR220204A_465C_1753.bmp,129_RR220204A_465C_1753.bmp,Trajectories/2022-04-11/243_RR220411A_909C_1739.bmp,243_RR220411A_909C_1739.bmp,c(6 x 2),2,SY,,2025-12-14 08:53:40,,,
Trajectories/2022-02-04/129_RR220204A_465C_1753.bmp,129_RR220204A_465C_1753.bmp,Trajectories/2022-04-11/243_RR220411A_909C_1739.bmp,243_RR220411A_909C_1739.bmp,HTR,not_apply,SY,,2025-12-14 08:53:40,,,
Trajectories/2022-02-04/129_RR220204A_465C_1753.bmp,129_RR220204A_465C_1753.bmp,Trajectories/2022-04-11/243_RR220411A_909C_1739.bmp,243_RR220411A_909C_1739.bmp,(1 x 1),tie,SY,,2025-12-14 08:53:40,,,
Trajectories/2022-02-04/129_RR220204A_465C_1753.bmp,129_RR220204A_465C_1753.bmp,Trajectories/2022-04-11/243_RR220411A_909C_1739.bmp,243_RR220411A_909C_1739.bmp,Twinned(2 x 1),1,SY,,2025-12-14 08:53:40,,,
Trajectories/2022-02-04/129_RR220204A_465C_1753.bmp,129_RR220204A_465C_1753.bmp,Trajectories/2022-04-11/243_RR220411A_909C_1739.bmp,243_RR220411A_909C_1739.bmp,Other,not_apply,SY,,2025-12-14 08:53:40,,,
Trajectories/2022-02-04/129_RR220204A_465C_1753.bmp,129_RR220204A_465C_1753.bmp,Trajectories/2022-04-11/243_RR220411A_909C_1739.bmp,243_RR220411A_909C_1739.bmp,(√13 x √13),1,SY,,2025-12-14 08:53:40,,,
Trajectories/2022-04-11/313_RR220411A_839C_1856.bmp,313_RR220411A_839C_1856.bmp,Trajectories/2022-02-06/125_RR220206A_887C_1925.bmp,125_RR220206A_887C_1925.bmp,c(6 x 2),2,SY,,2025-12-14 08:53:40,,,
Trajectories/2022-04-11/313_RR220411A_839C_1856.bmp,313_RR220411A_839C_1856.bmp,Trajectories/2022-02-06/125_RR220206A_887C_1925.bmp,125_RR220206A_887C_1925.bmp,HTR,not_apply,SY,,2025-12-14 08:53:40,,,
Trajectories/2022-04-11/313_RR220411A_839C_1856.bmp,313_RR220411A_839C_1856.bmp,Trajectories/2022-02-06/125_RR220206A_887C_1925.bmp,125_RR220206A_887C_1925.bmp,Other,not_apply,SY,,2025-12-14 08:53:40,,,
Trajectories/2022-04-11/313_RR220411A_839C_1856.bmp,313_RR220411A_839C_1856.bmp,Trajectories/2022-02-06/125_RR220206A_887C_1925.bmp,125_RR220206A_887C_1925.bmp,Twinned(2 x 1),not_apply,SY,,2025-12-14 08:53:40,,,
Trajectories/2022-04-11/338_RR220411A_734C_1915.bmp,338_RR220411A_734C_1915.bmp,Trajectories/2022-02-06/206_RR220206A_875C_2113.bmp,206_RR220206A_875C_2113.bmp,(1 x 1),tie,SY,,2025-12-15T20:52:06.170532,,,
Trajectories/2022-04-11/338_RR220411A_734C_1915.bmp,338_RR220411A_734C_1915.bmp,Trajectories/2022-02-06/206_RR220206A_875C_2113.bmp,206_RR220206A_875C_2113.bmp,(√13 x √13),1,SY,,2025-12-15T20:52:08.119099,,,
Trajectories/2022-04-11/338_RR220411A_734C_1915.bmp,338_RR220411A_734C_1915.bmp,Trajectories/2022-02-06/206_RR220206A_875C_2113.bmp,206_RR220206A_875C_2113.bmp,HTR,2,SY,,2025-12-15T20:52:09.221177,,,
Trajectories/2022-04-11/338_RR220411A_734C_1915.bmp,338_RR220411A_734C_1915.bmp,Trajectories/2022-02-06/206_RR220206A_875C_2113.bmp,206_RR220206A_875C_2113.bmp,c(6 x 2),1,SY,,2025-12-15T20:52:10.614561,,,
Trajectories/2022-04-11/338_RR220411A_734C_1915.bmp,338_RR220411A_734C_1915.bmp,Trajectories/2022-02-06/206_RR220206A_875C_2113.bmp,206_RR220206A_875C_2113.bmp,Twinned(2 x 1),not_apply,SY,,2025-12-15T20:52:11.886048,,,
Trajectories/2022-02-04/346_RR220204A_957C_2123.bmp,346_RR220204A_957C_2123.bmp,Trajectories/2022-02-04/103_RR220204A_408C_1733.bmp,103_RR220204A_408C_1733.bmp,c(6 x 2),not_apply,HL,,2025-12-15T20:53:00.219674,,,
Trajectories/2022-02-04/346_RR220204A_957C_2123.bmp,346_RR220204A_957C_2123.bmp,Trajectories/2022-02-04/103_RR220204A_408C_1733.bmp,103_RR220204A_408C_1733.bmp,HTR,not_apply,HL,,2025-12-15T20:53:01.364709,,,
Trajectories/2022-02-04/346_RR220204A_957C_2123.bmp,346_RR220204A_957C_2123.bmp,Trajectories/2022-02-04/103_RR220204A_408C_1733.bmp,103_RR220204A_408C_1733.bmp,(√13 x √13),2,HL,,2025-12-15T20:53:02.544973,,,
Trajectories/2022-02-04/346_RR220204A_957C_2123.bmp,346_RR220204A_957C_2123.bmp,Trajectories/2022-02-04/103_RR220204A_408C_1733.bmp,103_RR220204A_408C_1733.bmp,(1 x 1),not_apply,HL,,2025-12-15T20:53:03.640595,,,
Trajectories/2022-02-04/346_RR220204A_957C_2123.bmp,346_RR220204A_957C_2123.bmp,Trajectories/2022-02-04/103_RR220204A_408C_1733.bmp,103_RR220204A_408C_1733.bmp,Twinned(2 x 1),tie,HL,,2025-12-15T20:53:05.043278,,,
Trajectories/2022-02-04/295_RR220204A_882C_2015.bmp,295_RR220204A_882C_2015.bmp,Trajectories/2022-02-06/117_RR220206A_844C_1915.bmp,117_RR220206A_844C_1915.bmp,(1 x 1),2,HL,,2025-12-15T20:53:19.696941,,,
Trajectories/2022-02-04/295_RR220204A_882C_2015.bmp,295_RR220204A_882C_2015.bmp,Trajectories/2022-02-06/117_RR220206A_844C_1915.bmp,117_RR220206A_844C_1915.bmp,c(6 x 2),not_apply,HL,,2025-12-15T20:53:20.777642,,,
Trajectories/2022-02-04/295_RR220204A_882C_2015.bmp,295_RR220204A_882C_2015.bmp,Trajectories/2022-02-06/117_RR220206A_844C_1915.bmp,117_RR220206A_844C_1915.bmp,Twinned(2 x 1),1,HL,,2025-12-15T20:53:21.884946,,,
Trajectories/2022-02-04/295_RR220204A_882C_2015.bmp,295_RR220204A_882C_2015.bmp,Trajectories/2022-02-06/117_RR220206A_844C_1915.bmp,117_RR220206A_844C_1915.bmp,(√13 x √13),1,HL,,2025-12-15T20:53:23.012108,,,
Trajectories/2022-02-04/295_RR220204A_882C_2015.bmp,295_RR220204A_882C_2015.bmp,Trajectories/2022-02-06/117_RR220206A_844C_1915.bmp,117_RR220206A_844C_1915.bmp,HTR,not_apply,HL,,2025-12-15T20:53:23.955106,,,
Trajectories/2022-02-04/319_RR220204A_918C_2037.bmp,319_RR220204A_918C_2037.bmp,Trajectories/2022-02-04/354_RR220204A_951C_2141.bmp,354_RR220204A_951C_2141.bmp,Twinned(2 x 1),1,HL,,2025-12-15T20:53:44.999029,,,
Trajectories/2022-02-04/319_RR220204A_918C_2037.bmp,319_RR220204A_918C_2037.bmp,Trajectories/2022-02-04/354_RR220204A_951C_2141.bmp,354_RR220204A_951C_2141.bmp,(√13 x √13),2,HL,,2025-12-15T20:53:46.240690,,,
Trajectories/2022-02-04/319_RR220204A_918C_2037.bmp,319_RR220204A_918C_2037.bmp,Trajectories/2022-02-04/354_RR220204A_951C_2141.bmp,354_RR220204A_951C_2141.bmp,c(6 x 2),not_apply,HL,,2025-12-15T20:53:47.203783,,,
Trajectories/2022-02-04/319_RR220204A_918C_2037.bmp,319_RR220204A_918C_2037.bmp,Trajectories/2022-02-04/354_RR220204A_951C_2141.bmp,354_RR220204A_951C_2141.bmp,HTR,not_apply,HL,,2025-12-15T20:53:48.266445,,,
Trajectories/2022-02-04/319_RR220204A_918C_2037.bmp,319_RR220204A_918C_2037.bmp,Trajectories/2022-02-04/354_RR220204A_951C_2141.bmp,354_RR220204A_951C_2141.bmp,(1 x 1),not_apply,HL,,2025-12-15T20:53:49.408823,,,
Trajectories/2022-04-11/028_RR220411A_291C_1436.bmp,028_RR220411A_291C_1436.bmp,Trajectories/2022-04-11/050_RR220411A_370C_1458.bmp,050_RR220411A_370C_1458.bmp,Twinned(2 x 1),not_apply,HL,,2025-12-15T20:54:23.304996,,,
Trajectories/2022-04-11/028_RR220411A_291C_1436.bmp,028_RR220411A_291C_1436.bmp,Trajectories/2022-04-11/050_RR220411A_370C_1458.bmp,050_RR220411A_370C_1458.bmp,(1 x 1),tie,HL,,2025-12-15T20:54:24.541804,,,
Trajectories/2022-04-11/028_RR220411A_291C_1436.bmp,028_RR220411A_291C_1436.bmp,Trajectories/2022-04-11/050_RR220411A_370C_1458.bmp,050_RR220411A_370C_1458.bmp,c(6 x 2),not_apply,HL,,2025-12-15T20:54:25.503680,,,
Trajectories/2022-04-11/028_RR220411A_291C_1436.bmp,028_RR220411A_291C_1436.bmp,Trajectories/2022-04-11/050_RR220411A_370C_1458.bmp,050_RR220411A_370C_1458.bmp,(√13 x √13),not_apply,HL,,2025-12-15T20:54:26.444863,,,
Trajectories/2022-04-11/028_RR220411A_291C_1436.bmp,028_RR220411A_291C_1436.bmp,Trajectories/2022-04-11/050_RR220411A_370C_1458.bmp,050_RR220411A_370C_1458.bmp,HTR,not_apply,HL,,2025-12-15T20:54:27.295559,,,
Trajectories/2022-02-04/332_RR220204A_941C_2057.bmp,332_RR220204A_941C_2057.bmp,Trajectories/2022-02-04/295_RR220204A_882C_2015.bmp,295_RR220204A_882C_2015.bmp,(√13 x √13),1,HL,,2025-12-15T20:55:33.117354,,,
Trajectories/2022-02-04/332_RR220204A_941C_2057.bmp,332_RR220204A_941C_2057.bmp,Trajectories/2022-02-04/295_RR220204A_882C_2015.bmp,295_RR220204A_882C_2015.bmp,(1 x 1),not_apply,HL,,2025-12-15T20:55:34.456809,,,
Trajectories/2022-02-04/332_RR220204A_941C_2057.bmp,332_RR220204A_941C_2057.bmp,Trajectories/2022-02-04/295_RR220204A_882C_2015.bmp,295_RR220204A_882C_2015.bmp,Twinned(2 x 1),1,HL,,2025-12-15T20:55:35.719314,,,
Trajectories/2022-02-04/332_RR220204A_941C_2057.bmp,332_RR220204A_941C_2057.bmp,Trajectories/2022-02-04/295_RR220204A_882C_2015.bmp,295_RR220204A_882C_2015.bmp,c(6 x 2),not_apply,HL,,2025-12-15T20:55:36.996716,,,
Trajectories/2022-02-04/332_RR220204A_941C_2057.bmp,332_RR220204A_941C_2057.bmp,Trajectories/2022-02-04/295_RR220204A_882C_2015.bmp,295_RR220204A_882C_2015.bmp,HTR,not_apply,HL,,2025-12-15T20:55:38.113637,,,
Trajectories/2022-02-06/077_RR220206A_461C_1813.bmp,077_RR220206A_461C_1813.bmp,Trajectories/2022-02-04/013_RR220204A_949C_0119.bmp,013_RR220204A_949C_0119.bmp,(√13 x √13),2,HL,,2025-12-15T20:55:48.977621,,,
Trajectories/2022-02-06/077_RR220206A_461C_1813.bmp,077_RR220206A_461C_1813.bmp,Trajectories/2022-02-04/013_RR220204A_949C_0119.bmp,013_RR220204A_949C_0119.bmp,(1 x 1),1,HL,,2025-12-15T20:55:49.946509,,,
Trajectories/2022-02-06/077_RR220206A_461C_1813.bmp,077_RR220206A_461C_1813.bmp,Trajectories/2022-02-04/013_RR220204A_949C_0119.bmp,013_RR220204A_949C_0119.bmp,HTR,not_apply,HL,,2025-12-15T20:55:50.957856,,,
Trajectories/2022-02-06/077_RR220206A_461C_1813.bmp,077_RR220206A_461C_1813.bmp,Trajectories/2022-02-04/013_RR220204A_949C_0119.bmp,013_RR220204A_949C_0119.bmp,Twinned(2 x 1),2,HL,,2025-12-15T20:55:51.830799,,,
Trajectories/2022-02-06/077_RR220206A_461C_1813.bmp,077_RR220206A_461C_1813.bmp,Trajectories/2022-02-04/013_RR220204A_949C_0119.bmp,013_RR220204A_949C_0119.bmp,c(6 x 2),not_apply,HL,,2025-12-15T20:55:52.755378,,,
Trajectories/2022-04-11/203_RR220411A_843C_1711-03.bmp,203_RR220411A_843C_1711-03.bmp,Trajectories/2022-04-11/284_RR220411A_912C_1835.bmp,284_RR220411A_912C_1835.bmp,c(6 x 2),2,HL,,2025-12-15T20:56:13.885259,,,
Trajectories/2022-04-11/203_RR220411A_843C_1711-03.bmp,203_RR220411A_843C_1711-03.bmp,Trajectories/2022-04-11/284_RR220411A_912C_1835.bmp,284_RR220411A_912C_1835.bmp,HTR,not_apply,HL,,2025-12-15T20:56:14.801097,,,
Trajectories/2022-04-11/203_RR220411A_843C_1711-03.bmp,203_RR220411A_843C_1711-03.bmp,Trajectories/2022-04-11/284_RR220411A_912C_1835.bmp,284_RR220411A_912C_1835.bmp,(√13 x √13),2,HL,,2025-12-15T20:56:15.868743,,,
Trajectories/2022-04-11/203_RR220411A_843C_1711-03.bmp,203_RR220411A_843C_1711-03.bmp,Trajectories/2022-04-11/284_RR220411A_912C_1835.bmp,284_RR220411A_912C_1835.bmp,Twinned(2 x 1),not_apply,HL,,2025-12-15T20:56:16.892847,,,
Trajectories/2022-04-11/203_RR220411A_843C_1711-03.bmp,203_RR220411A_843C_1711-03.bmp,Trajectories/2022-04-11/284_RR220411A_912C_1835.bmp,284_RR220411A_912C_1835.bmp,(1 x 1),not_apply,HL,,2025-12-15T20:56:17.923245,,,
Trajectories/2022-02-04/334_RR220204A_939C_2101.bmp,334_RR220204A_939C_2101.bmp,Trajectories/2022-04-11/386_RR220411A_580C_1943.bmp,386_RR220411A_580C_1943.bmp,(√13 x √13),2,HL,,2025-12-15T21:05:38.049744,,,
Trajectories/2022-02-04/334_RR220204A_939C_2101.bmp,334_RR220204A_939C_2101.bmp,Trajectories/2022-04-11/386_RR220411A_580C_1943.bmp,386_RR220411A_580C_1943.bmp,Twinned(2 x 1),1,HL,,2025-12-15T21:05:39.303491,,,
Trajectories/2022-02-04/334_RR220204A_939C_2101.bmp,334_RR220204A_939C_2101.bmp,Trajectories/2022-04-11/386_RR220411A_580C_1943.bmp,386_RR220411A_580C_1943.bmp,(1 x 1),not_apply,HL,,2025-12-15T21:05:40.524589,,,
Trajectories/2022-02-04/334_RR220204A_939C_2101.bmp,334_RR220204A_939C_2101.bmp,Trajectories/2022-04-11/386_RR220411A_580C_1943.bmp,386_RR220411A_580C_1943.bmp,c(6 x 2),2,HL,,2025-12-15T21:05:41.574937,,,
Trajectories/2022-02-04/334_RR220204A_939C_2101.bmp,334_RR220204A_939C_2101.bmp,Trajectories/2022-04-11/386_RR220411A_580C_1943.bmp,386_RR220411A_580C_1943.bmp,HTR,not_apply,HL,,2025-12-15T21:05:42.633171,,,
Trajectories/2022-04-11/204_RR220411A_851C_1712.bmp,204_RR220411A_851C_1712.bmp,Trajectories/2022-02-04/131_RR220204A_466C_1754.bmp,131_RR220204A_466C_1754.bmp,c(6 x 2),not_apply,HL,,2025-12-15T21:06:00.801724,,,
Trajectories/2022-04-11/204_RR220411A_851C_1712.bmp,204_RR220411A_851C_1712.bmp,Trajectories/2022-02-04/131_RR220204A_466C_1754.bmp,131_RR220204A_466C_1754.bmp,Twinned(2 x 1),2,HL,,2025-12-15T21:06:01.970275,,,
Trajectories/2022-04-11/204_RR220411A_851C_1712.bmp,204_RR220411A_851C_1712.bmp,Trajectories/2022-02-04/131_RR220204A_466C_1754.bmp,131_RR220204A_466C_1754.bmp,(√13 x √13),2,HL,,2025-12-15T21:06:02.996487,,,
Trajectories/2022-04-11/204_RR220411A_851C_1712.bmp,204_RR220411A_851C_1712.bmp,Trajectories/2022-02-04/131_RR220204A_466C_1754.bmp,131_RR220204A_466C_1754.bmp,(1 x 1),not_apply,HL,,2025-12-15T21:06:03.890960,,,
Trajectories/2022-04-11/204_RR220411A_851C_1712.bmp,204_RR220411A_851C_1712.bmp,Trajectories/2022-02-04/131_RR220204A_466C_1754.bmp,131_RR220204A_466C_1754.bmp,HTR,not_apply,HL,,2025-12-15T21:06:04.866413,,,
Trajectories/2022-04-11/186_RR220411A_805C_1658.bmp,186_RR220411A_805C_1658.bmp,Trajectories/2022-04-11/138_RR220411A_635C_1610.bmp,138_RR220411A_635C_1610.bmp,c(6 x 2),not_apply,HL,,2025-12-15T21:06:18.895132,,,
Trajectories/2022-04-11/186_RR220411A_805C_1658.bmp,186_RR220411A_805C_1658.bmp,Trajectories/2022-04-11/138_RR220411A_635C_1610.bmp,138_RR220411A_635C_1610.bmp,HTR,not_apply,HL,,2025-12-15T21:06:20.003553,,,
Trajectories/2022-04-11/186_RR220411A_805C_1658.bmp,186_RR220411A_805C_1658.bmp,Trajectories/2022-04-11/138_RR220411A_635C_1610.bmp,138_RR220411A_635C_1610.bmp,Twinned(2 x 1),not_apply,HL,,2025-12-15T21:06:20.947795,,,
Trajectories/2022-04-11/186_RR220411A_805C_1658.bmp,186_RR220411A_805C_1658.bmp,Trajectories/2022-04-11/138_RR220411A_635C_1610.bmp,138_RR220411A_635C_1610.bmp,(1 x 1),tie,HL,,2025-12-15T21:06:21.869046,,,
Trajectories/2022-04-11/186_RR220411A_805C_1658.bmp,186_RR220411A_805C_1658.bmp,Trajectories/2022-04-11/138_RR220411A_635C_1610.bmp,138_RR220411A_635C_1610.bmp,(√13 x √13),not_apply,HL,,2025-12-15T21:06:22.988743,,,
Trajectories/2022-04-11/064_RR220411A_413C_1511.bmp,064_RR220411A_413C_1511.bmp,Trajectories/2022-02-04/241_RR220204A_736C_1911.bmp,241_RR220204A_736C_1911.bmp,(√13 x √13),2,HL,,2025-12-15T21:06:35.707478,,,
Trajectories/2022-04-11/064_RR220411A_413C_1511.bmp,064_RR220411A_413C_1511.bmp,Trajectories/2022-02-04/241_RR220204A_736C_1911.bmp,241_RR220204A_736C_1911.bmp,Twinned(2 x 1),2,HL,,2025-12-15T21:06:36.704032,,,
Trajectories/2022-04-11/064_RR220411A_413C_1511.bmp,064_RR220411A_413C_1511.bmp,Trajectories/2022-02-04/241_RR220204A_736C_1911.bmp,241_RR220204A_736C_1911.bmp,(1 x 1),1,HL,,2025-12-15T21:06:37.658011,,,
Trajectories/2022-04-11/064_RR220411A_413C_1511.bmp,064_RR220411A_413C_1511.bmp,Trajectories/2022-02-04/241_RR220204A_736C_1911.bmp,241_RR220204A_736C_1911.bmp,HTR,not_apply,HL,,2025-12-15T21:06:38.684716,,,
Trajectories/2022-04-11/064_RR220411A_413C_1511.bmp,064_RR220411A_413C_1511.bmp,Trajectories/2022-02-04/241_RR220204A_736C_1911.bmp,241_RR220204A_736C_1911.bmp,c(6 x 2),not_apply,HL,,2025-12-15T21:06:39.725807,,,
Trajectories/2022-04-11/437_RR220411A_345C_2004.bmp,437_RR220411A_345C_2004.bmp,Trajectories/2022-02-04/181_RR220204A_572C_1825.bmp,181_RR220204A_572C_1825.bmp,c(6 x 2),1,HL,,2025-12-15T21:07:11.235892,,,
Trajectories/2022-04-11/437_RR220411A_345C_2004.bmp,437_RR220411A_345C_2004.bmp,Trajectories/2022-02-04/181_RR220204A_572C_1825.bmp,181_RR220204A_572C_1825.bmp,HTR,not_apply,HL,,2025-12-15T21:07:12.137885,,,
Trajectories/2022-04-11/437_RR220411A_345C_2004.bmp,437_RR220411A_345C_2004.bmp,Trajectories/2022-02-04/181_RR220204A_572C_1825.bmp,181_RR220204A_572C_1825.bmp,(1 x 1),not_apply,HL,,2025-12-15T21:07:13.104534,,,
Trajectories/2022-04-11/437_RR220411A_345C_2004.bmp,437_RR220411A_345C_2004.bmp,Trajectories/2022-02-04/181_RR220204A_572C_1825.bmp,181_RR220204A_572C_1825.bmp,(√13 x √13),1,HL,,2025-12-15T21:07:14.262371,,,
Trajectories/2022-04-11/437_RR220411A_345C_2004.bmp,437_RR220411A_345C_2004.bmp,Trajectories/2022-02-04/181_RR220204A_572C_1825.bmp,181_RR220204A_572C_1825.bmp,Twinned(2 x 1),2,HL,,2025-12-15T21:07:15.202419,,,
Trajectories/2022-02-06/049_RR220206A_205C_1737.bmp,049_RR220206A_205C_1737.bmp,Trajectories/2022-04-11/356_RR220411A_685C_1925.bmp,356_RR220411A_685C_1925.bmp,HTR,not_apply,HL,,2025-12-15T21:27:41.883575,,,
Trajectories/2022-02-06/049_RR220206A_205C_1737.bmp,049_RR220206A_205C_1737.bmp,Trajectories/2022-04-11/356_RR220411A_685C_1925.bmp,356_RR220411A_685C_1925.bmp,Twinned(2 x 1),not_apply,HL,,2025-12-15T21:27:43.042098,,,
Trajectories/2022-02-06/049_RR220206A_205C_1737.bmp,049_RR220206A_205C_1737.bmp,Trajectories/2022-04-11/356_RR220411A_685C_1925.bmp,356_RR220411A_685C_1925.bmp,(√13 x √13),2,HL,,2025-12-15T21:27:44.078270,,,
Trajectories/2022-02-06/049_RR220206A_205C_1737.bmp,049_RR220206A_205C_1737.bmp,Trajectories/2022-04-11/356_RR220411A_685C_1925.bmp,356_RR220411A_685C_1925.bmp,(1 x 1),1,HL,,2025-12-15T21:27:45.111980,,,
Trajectories/2022-02-06/049_RR220206A_205C_1737.bmp,049_RR220206A_205C_1737.bmp,Trajectories/2022-04-11/356_RR220411A_685C_1925.bmp,356_RR220411A_685C_1925.bmp,c(6 x 2),2,HL,,2025-12-15T21:27:46.368830,,,
Trajectories/2022-02-06/186_RR220206A_985C_2050.bmp,186_RR220206A_985C_2050.bmp,Trajectories/2022-02-06/251_RR220206A_619C_2214.bmp,251_RR220206A_619C_2214.bmp,Twinned(2 x 1),not_apply,HL,,2025-12-15T21:28:04.503051,,,
Trajectories/2022-02-06/186_RR220206A_985C_2050.bmp,186_RR220206A_985C_2050.bmp,Trajectories/2022-02-06/251_RR220206A_619C_2214.bmp,251_RR220206A_619C_2214.bmp,(√13 x √13),not_apply,HL,,2025-12-15T21:28:05.272418,,,
Trajectories/2022-02-06/186_RR220206A_985C_2050.bmp,186_RR220206A_985C_2050.bmp,Trajectories/2022-02-06/251_RR220206A_619C_2214.bmp,251_RR220206A_619C_2214.bmp,c(6 x 2),not_apply,HL,,2025-12-15T21:28:06.019806,,,
Trajectories/2022-02-06/186_RR220206A_985C_2050.bmp,186_RR220206A_985C_2050.bmp,Trajectories/2022-02-06/251_RR220206A_619C_2214.bmp,251_RR220206A_619C_2214.bmp,HTR,2,HL,,2025-12-15T21:28:06.765313,,,
Trajectories/2022-02-06/186_RR220206A_985C_2050.bmp,186_RR220206A_985C_2050.bmp,Trajectories/2022-02-06/251_RR220206A_619C_2214.bmp,251_RR220206A_619C_2214.bmp,(1 x 1),not_apply,HL,,2025-12-15T21:28:07.492207,,,
Trajectories/2022-02-06/125_RR220206A_887C_1925.bmp,125_RR220206A_887C_1925.bmp,Trajectories/2022-04-11/226_RR220411A_873C_1725.bmp,226_RR220411A_873C_1725.bmp,(1 x 1),not_apply,HL,,2025-12-15T21:28:25.243130,,,
Trajectories/2022-02-06/125_RR220206A_887C_1925.bmp,125_RR220206A_887C_1925.bmp,Trajectories/2022-04-11/226_RR220411A_873C_1725.bmp,226_RR220411A_873C_1725.bmp,Twinned(2 x 1),not_apply,HL,,2025-12-15T21:28:26.024255,,,
Trajectories/2022-02-06/125_RR220206A_887C_1925.bmp,125_RR220206A_887C_1925.bmp,Trajectories/2022-04-11/226_RR220411A_873C_1725.bmp,226_RR220411A_873C_1725.bmp,(√13 x √13),tie,HL,,2025-12-15T21:28:26.785881,,,
Trajectories/2022-02-06/125_RR220206A_887C_1925.bmp,125_RR220206A_887C_1925.bmp,Trajectories/2022-04-11/226_RR220411A_873C_1725.bmp,226_RR220411A_873C_1725.bmp,HTR,not_apply,HL,,2025-12-15T21:28:27.664727,,,
Trajectories/2022-02-06/125_RR220206A_887C_1925.bmp,125_RR220206A_887C_1925.bmp,Trajectories/2022-04-11/226_RR220411A_873C_1725.bmp,226_RR220411A_873C_1725.bmp,c(6 x 2),2,HL,,2025-12-15T21:28:28.544500,,,
Trajectories/2022-02-04/022_RR220204A_981C_0127.bmp,022_RR220204A_981C_0127.bmp,Trajectories/2022-02-04/114_RR220204A_440C_1738.bmp,114_RR220204A_440C_1738.bmp,HTR,not_apply,HL,,2025-12-15T21:28:47.723742,,,
Trajectories/2022-02-04/022_RR220204A_981C_0127.bmp,022_RR220204A_981C_0127.bmp,Trajectories/2022-02-04/114_RR220204A_440C_1738.bmp,114_RR220204A_440C_1738.bmp,Twinned(2 x 1),tie,HL,,2025-12-15T21:28:48.558482,,,
Trajectories/2022-02-04/022_RR220204A_981C_0127.bmp,022_RR220204A_981C_0127.bmp,Trajectories/2022-02-04/114_RR220204A_440C_1738.bmp,114_RR220204A_440C_1738.bmp,c(6 x 2),not_apply,HL,,2025-12-15T21:28:49.362311,,,
Trajectories/2022-02-04/022_RR220204A_981C_0127.bmp,022_RR220204A_981C_0127.bmp,Trajectories/2022-02-04/114_RR220204A_440C_1738.bmp,114_RR220204A_440C_1738.bmp,(1 x 1),not_apply,HL,,2025-12-15T21:28:50.133363,,,
Trajectories/2022-02-04/022_RR220204A_981C_0127.bmp,022_RR220204A_981C_0127.bmp,Trajectories/2022-02-04/114_RR220204A_440C_1738.bmp,114_RR220204A_440C_1738.bmp,(√13 x √13),2,HL,,2025-12-15T21:28:50.900298,,,
Trajectories/2022-02-06/195_RR220206A_944C_2101.bmp,195_RR220206A_944C_2101.bmp,Trajectories/2022-02-04/300_RR220204A_881C_2018.bmp,300_RR220204A_881C_2018.bmp,c(6 x 2),not_apply,HL,,2025-12-15T21:29:05.568661,,,
Trajectories/2022-02-06/195_RR220206A_944C_2101.bmp,195_RR220206A_944C_2101.bmp,Trajectories/2022-02-04/300_RR220204A_881C_2018.bmp,300_RR220204A_881C_2018.bmp,(1 x 1),not_apply,HL,,2025-12-15T21:29:06.411459,,,
Trajectories/2022-02-06/195_RR220206A_944C_2101.bmp,195_RR220206A_944C_2101.bmp,Trajectories/2022-02-04/300_RR220204A_881C_2018.bmp,300_RR220204A_881C_2018.bmp,HTR,1,HL,,2025-12-15T21:29:07.207056,,,
Trajectories/2022-02-06/195_RR220206A_944C_2101.bmp,195_RR220206A_944C_2101.bmp,Trajectories/2022-02-04/300_RR220204A_881C_2018.bmp,300_RR220204A_881C_2018.bmp,(√13 x √13),2,HL,,2025-12-15T21:29:08.028312,,,
Trajectories/2022-02-06/195_RR220206A_944C_2101.bmp,195_RR220206A_944C_2101.bmp,Trajectories/2022-02-04/300_RR220204A_881C_2018.bmp,300_RR220204A_881C_2018.bmp,Twinned(2 x 1),2,HL,,2025-12-15T21:29:08.845080,,,
Trajectories/2022-02-06/234_RR220206A_738C_2148.bmp,234_RR220206A_738C_2148.bmp,Trajectories/2022-04-11/375_RR220411A_617C_1938.bmp,375_RR220411A_617C_1938.bmp,c(6 x 2),2,HL,,2025-12-15T21:29:20.458580,,,
Trajectories/2022-02-06/234_RR220206A_738C_2148.bmp,234_RR220206A_738C_2148.bmp,Trajectories/2022-04-11/375_RR220411A_617C_1938.bmp,375_RR220411A_617C_1938.bmp,HTR,1,HL,,2025-12-15T21:29:21.239676,,,
Trajectories/2022-02-06/234_RR220206A_738C_2148.bmp,234_RR220206A_738C_2148.bmp,Trajectories/2022-04-11/375_RR220411A_617C_1938.bmp,375_RR220411A_617C_1938.bmp,(1 x 1),not_apply,HL,,2025-12-15T21:29:21.991048,,,
Trajectories/2022-02-06/234_RR220206A_738C_2148.bmp,234_RR220206A_738C_2148.bmp,Trajectories/2022-04-11/375_RR220411A_617C_1938.bmp,375_RR220411A_617C_1938.bmp,Twinned(2 x 1),not_apply,HL,,2025-12-15T21:29:22.770902,,,
Trajectories/2022-02-06/234_RR220206A_738C_2148.bmp,234_RR220206A_738C_2148.bmp,Trajectories/2022-04-11/375_RR220411A_617C_1938.bmp,375_RR220411A_617C_1938.bmp,(√13 x √13),2,HL,,2025-12-15T21:29:23.485733,,,
Trajectories/2022-04-11/370_RR220411A_640C_1934.bmp,370_RR220411A_640C_1934.bmp,Trajectories/2022-02-06/036_RR220206A_165C_1721.bmp,036_RR220206A_165C_1721.bmp,c(6 x 2),1,HL,,2025-12-15T21:29:38.721946,,,
Trajectories/2022-04-11/370_RR220411A_640C_1934.bmp,370_RR220411A_640C_1934.bmp,Trajectories/2022-02-06/036_RR220206A_165C_1721.bmp,036_RR220206A_165C_1721.bmp,Twinned(2 x 1),not_apply,HL,,2025-12-15T21:29:39.496119,,,
Trajectories/2022-04-11/370_RR220411A_640C_1934.bmp,370_RR220411A_640C_1934.bmp,Trajectories/2022-02-06/036_RR220206A_165C_1721.bmp,036_RR220206A_165C_1721.bmp,(1 x 1),2,HL,,2025-12-15T21:29:40.356698,,,
Trajectories/2022-04-11/370_RR220411A_640C_1934.bmp,370_RR220411A_640C_1934.bmp,Trajectories/2022-02-06/036_RR220206A_165C_1721.bmp,036_RR220206A_165C_1721.bmp,HTR,not_apply,HL,,2025-12-15T21:29:59.675290,,,
Trajectories/2022-04-11/370_RR220411A_640C_1934.bmp,370_RR220411A_640C_1934.bmp,Trajectories/2022-02-06/036_RR220206A_165C_1721.bmp,036_RR220206A_165C_1721.bmp,(√13 x √13),1,HL,,2025-12-15T21:30:01.222676,,,
Trajectories/2022-02-04/019_RR220204A_981C_0126-01.bmp,019_RR220204A_981C_0126-01.bmp,Trajectories/2022-04-11/035_RR220411A_314C_1442.bmp,035_RR220411A_314C_1442.bmp,HTR,not_apply,HL,,2025-12-15T21:30:24.362722,,,
Trajectories/2022-02-04/019_RR220204A_981C_0126-01.bmp,019_RR220204A_981C_0126-01.bmp,Trajectories/2022-04-11/035_RR220411A_314C_1442.bmp,035_RR220411A_314C_1442.bmp,Twinned(2 x 1),1,HL,,2025-12-15T21:30:25.772467,,,
Trajectories/2022-02-04/019_RR220204A_981C_0126-01.bmp,019_RR220204A_981C_0126-01.bmp,Trajectories/2022-04-11/035_RR220411A_314C_1442.bmp,035_RR220411A_314C_1442.bmp,(1 x 1),2,HL,,2025-12-15T21:30:26.991611,,,
Trajectories/2022-02-04/019_RR220204A_981C_0126-01.bmp,019_RR220204A_981C_0126-01.bmp,Trajectories/2022-04-11/035_RR220411A_314C_1442.bmp,035_RR220411A_314C_1442.bmp,c(6 x 2),not_apply,HL,,2025-12-15T21:30:28.219463,,,
Trajectories/2022-02-04/019_RR220204A_981C_0126-01.bmp,019_RR220204A_981C_0126-01.bmp,Trajectories/2022-04-11/035_RR220411A_314C_1442.bmp,035_RR220411A_314C_1442.bmp,(√13 x √13),1,HL,,2025-12-15T21:30:29.483515,,,
Trajectories/2022-02-04/307_RR220204A_912C_2025.bmp,307_RR220204A_912C_2025.bmp,Trajectories/2022-04-11/386_RR220411A_580C_1943.bmp,386_RR220411A_580C_1943.bmp,HTR,not_apply,HL,,2025-12-15T21:30:47.452461,,,
Trajectories/2022-02-04/307_RR220204A_912C_2025.bmp,307_RR220204A_912C_2025.bmp,Trajectories/2022-04-11/386_RR220411A_580C_1943.bmp,386_RR220411A_580C_1943.bmp,Twinned(2 x 1),1,HL,,2025-12-15T21:30:48.774165,,,
Trajectories/2022-02-04/307_RR220204A_912C_2025.bmp,307_RR220204A_912C_2025.bmp,Trajectories/2022-04-11/386_RR220411A_580C_1943.bmp,386_RR220411A_580C_1943.bmp,(1 x 1),not_apply,HL,,2025-12-15T21:30:49.989237,,,
Trajectories/2022-02-04/307_RR220204A_912C_2025.bmp,307_RR220204A_912C_2025.bmp,Trajectories/2022-04-11/386_RR220411A_580C_1943.bmp,386_RR220411A_580C_1943.bmp,c(6 x 2),2,HL,,2025-12-15T21:30:51.298834,,,
Trajectories/2022-02-04/307_RR220204A_912C_2025.bmp,307_RR220204A_912C_2025.bmp,Trajectories/2022-04-11/386_RR220411A_580C_1943.bmp,386_RR220411A_580C_1943.bmp,(√13 x √13),2,HL,,2025-12-15T21:30:52.520278,,,
Trajectories/2022-02-04/328_RR220204A_946C_2053.bmp,328_RR220204A_946C_2053.bmp,Trajectories/2022-02-04/085_RR220204A_378C_1720.bmp,085_RR220204A_378C_1720.bmp,(1 x 1),not_apply,HL,,2025-12-15T21:31:14.032301,,,
Trajectories/2022-02-04/328_RR220204A_946C_2053.bmp,328_RR220204A_946C_2053.bmp,Trajectories/2022-02-04/085_RR220204A_378C_1720.bmp,085_RR220204A_378C_1720.bmp,c(6 x 2),not_apply,HL,,2025-12-15T21:31:15.485827,,,
Trajectories/2022-02-04/328_RR220204A_946C_2053.bmp,328_RR220204A_946C_2053.bmp,Trajectories/2022-02-04/085_RR220204A_378C_1720.bmp,085_RR220204A_378C_1720.bmp,HTR,not_apply,HL,,2025-12-15T21:31:16.848040,,,
Trajectories/2022-02-04/328_RR220204A_946C_2053.bmp,328_RR220204A_946C_2053.bmp,Trajectories/2022-02-04/085_RR220204A_378C_1720.bmp,085_RR220204A_378C_1720.bmp,(√13 x √13),tie,HL,,2025-12-15T21:31:18.242575,,,
Trajectories/2022-02-04/328_RR220204A_946C_2053.bmp,328_RR220204A_946C_2053.bmp,Trajectories/2022-02-04/085_RR220204A_378C_1720.bmp,085_RR220204A_378C_1720.bmp,Twinned(2 x 1),tie,HL,,2025-12-15T21:31:19.540246,,,
Trajectories/2022-04-11/088_RR220411A_459C_1527.bmp,088_RR220411A_459C_1527.bmp,Trajectories/2022-02-04/020_RR220204A_981C_0126-02.bmp,020_RR220204A_981C_0126-02.bmp,c(6 x 2),2,AJ,,2025-12-18T18:34:54.736419,236,194,Confident
Trajectories/2022-04-11/088_RR220411A_459C_1527.bmp,088_RR220411A_459C_1527.bmp,Trajectories/2022-02-04/020_RR220204A_981C_0126-02.bmp,020_RR220204A_981C_0126-02.bmp,(1 x 1),1,AJ,,2025-12-18T18:34:56.043633,236,194,Confident
Trajectories/2022-04-11/088_RR220411A_459C_1527.bmp,088_RR220411A_459C_1527.bmp,Trajectories/2022-02-04/020_RR220204A_981C_0126-02.bmp,020_RR220204A_981C_0126-02.bmp,(√13 x √13),2,AJ,,2025-12-18T18:34:56.759881,236,194,Confident
Trajectories/2022-04-11/088_RR220411A_459C_1527.bmp,088_RR220411A_459C_1527.bmp,Trajectories/2022-02-04/020_RR220204A_981C_0126-02.bmp,020_RR220204A_981C_0126-02.bmp,HTR,not_apply,AJ,,2025-12-18T18:34:57.502156,236,194,Confident
Trajectories/2022-04-11/088_RR220411A_459C_1527.bmp,088_RR220411A_459C_1527.bmp,Trajectories/2022-02-04/020_RR220204A_981C_0126-02.bmp,020_RR220204A_981C_0126-02.bmp,Twinned(2 x 1),not_apply,AJ,,2025-12-18T18:34:58.250370,236,194,Confident
Trajectories/2022-02-04/194_RR220204A_610C_1832.bmp,194_RR220204A_610C_1832.bmp,Trajectories/2022-04-11/163_RR220411A_715C_1634.bmp,163_RR220411A_715C_1634.bmp,(1 x 1),2,AJ,,2025-12-19T21:12:18.924041,199,218,Confident
Trajectories/2022-02-04/194_RR220204A_610C_1832.bmp,194_RR220204A_610C_1832.bmp,Trajectories/2022-04-11/163_RR220411A_715C_1634.bmp,163_RR220411A_715C_1634.bmp,HTR,not_apply,AJ,,2025-12-19T21:12:20.255618,199,218,Confident
Trajectories/2022-02-04/194_RR220204A_610C_1832.bmp,194_RR220204A_610C_1832.bmp,Trajectories/2022-04-11/163_RR220411A_715C_1634.bmp,163_RR220411A_715C_1634.bmp,Twinned(2 x 1),not_apply,AJ,,2025-12-19T21:12:21.410671,199,218,Confident
Trajectories/2022-02-04/194_RR220204A_610C_1832.bmp,194_RR220204A_610C_1832.bmp,Trajectories/2022-04-11/163_RR220411A_715C_1634.bmp,163_RR220411A_715C_1634.bmp,(√13 x √13),1,AJ,,2025-12-19T21:12:22.506107,199,218,Confident
Trajectories/2022-02-04/194_RR220204A_610C_1832.bmp,194_RR220204A_610C_1832.bmp,Trajectories/2022-04-11/163_RR220411A_715C_1634.bmp,163_RR220411A_715C_1634.bmp,c(6 x 2),1,AJ,,2025-12-19T21:12:23.519876,199,218,Confident
Trajectories/2022-02-04/385_RR220204A_939C_2340.bmp,385_RR220204A_939C_2340.bmp,Trajectories/2022-04-11/237_RR220411A_901C_1735.bmp,237_RR220411A_901C_1735.bmp,Twinned(2 x 1),not_apply,AJ,,2025-12-19T21:12:42.306726,190,202,Somewhat sure
Trajectories/2022-02-04/385_RR220204A_939C_2340.bmp,385_RR220204A_939C_2340.bmp,Trajectories/2022-04-11/237_RR220411A_901C_1735.bmp,237_RR220411A_901C_1735.bmp,c(6 x 2),tie,AJ,,2025-12-19T21:12:43.432225,190,202,Somewhat sure
Trajectories/2022-02-04/385_RR220204A_939C_2340.bmp,385_RR220204A_939C_2340.bmp,Trajectories/2022-04-11/237_RR220411A_901C_1735.bmp,237_RR220411A_901C_1735.bmp,(1 x 1),not_apply,AJ,,2025-12-19T21:12:44.323391,190,202,Somewhat sure
Trajectories/2022-02-04/385_RR220204A_939C_2340.bmp,385_RR220204A_939C_2340.bmp,Trajectories/2022-04-11/237_RR220411A_901C_1735.bmp,237_RR220411A_901C_1735.bmp,HTR,not_apply,AJ,,2025-12-19T21:12:45.359198,190,202,Somewhat sure
Trajectories/2022-02-04/385_RR220204A_939C_2340.bmp,385_RR220204A_939C_2340.bmp,Trajectories/2022-04-11/237_RR220411A_901C_1735.bmp,237_RR220411A_901C_1735.bmp,(√13 x √13),tie,AJ,,2025-12-19T21:12:46.700536,190,202,Somewhat sure
Trajectories/2022-04-11/217_RR220411A_857C_1718.bmp,217_RR220411A_857C_1718.bmp,Trajectories/2022-02-06/129_RR220206A_912C_1929.bmp,129_RR220206A_912C_1929.bmp,Twinned(2 x 1),not_apply,SY,,2025-12-23T22:33:31.145573,250,265,Confident
Trajectories/2022-04-11/217_RR220411A_857C_1718.bmp,217_RR220411A_857C_1718.bmp,Trajectories/2022-02-06/129_RR220206A_912C_1929.bmp,129_RR220206A_912C_1929.bmp,HTR,not_apply,SY,,2025-12-23T22:33:33.031986,250,265,Confident
Trajectories/2022-04-11/217_RR220411A_857C_1718.bmp,217_RR220411A_857C_1718.bmp,Trajectories/2022-02-06/129_RR220206A_912C_1929.bmp,129_RR220206A_912C_1929.bmp,(1 x 1),tie,SY,,2025-12-23T22:33:34.473753,250,265,Confident
Trajectories/2022-04-11/217_RR220411A_857C_1718.bmp,217_RR220411A_857C_1718.bmp,Trajectories/2022-02-06/129_RR220206A_912C_1929.bmp,129_RR220206A_912C_1929.bmp,(√13 x √13),tie,SY,,2025-12-23T22:33:35.800721,250,265,Confident
Trajectories/2022-04-11/217_RR220411A_857C_1718.bmp,217_RR220411A_857C_1718.bmp,Trajectories/2022-02-06/129_RR220206A_912C_1929.bmp,129_RR220206A_912C_1929.bmp,c(6 x 2),tie,SY,,2025-12-23T22:33:37.245925,250,265,Confident
Trajectories/2022-02-04/139_RR220204A_470C_1758.bmp,139_RR220204A_470C_1758.bmp,Trajectories/2022-04-11/372_RR220411A_636C_1935.bmp,372_RR220411A_636C_1935.bmp,(1 x 1),2,SY,,2025-12-23T22:34:12.745124,289,225,Confident
Trajectories/2022-02-04/139_RR220204A_470C_1758.bmp,139_RR220204A_470C_1758.bmp,Trajectories/2022-04-11/372_RR220411A_636C_1935.bmp,372_RR220411A_636C_1935.bmp,c(6 x 2),2,SY,,2025-12-23T22:34:14.341327,289,225,Confident
Trajectories/2022-02-04/139_RR220204A_470C_1758.bmp,139_RR220204A_470C_1758.bmp,Trajectories/2022-04-11/372_RR220411A_636C_1935.bmp,372_RR220411A_636C_1935.bmp,Twinned(2 x 1),1,SY,,2025-12-23T22:34:15.582260,289,225,Confident
Trajectories/2022-02-04/139_RR220204A_470C_1758.bmp,139_RR220204A_470C_1758.bmp,Trajectories/2022-04-11/372_RR220411A_636C_1935.bmp,372_RR220411A_636C_1935.bmp,(√13 x √13),2,SY,,2025-12-23T22:34:17.185642,289,225,Confident
Trajectories/2022-02-04/139_RR220204A_470C_1758.bmp,139_RR220204A_470C_1758.bmp,Trajectories/2022-04-11/372_RR220411A_636C_1935.bmp,372_RR220411A_636C_1935.bmp,HTR,not_apply,SY,,2025-12-23T22:34:18.689865,289,225,Confident
Trajectories/2022-02-06/068_RR220206A_362C_1759.bmp,068_RR220206A_362C_1759.bmp,Trajectories/2022-04-11/075_RR220411A_440C_1519.bmp,075_RR220411A_440C_1519.bmp,(1 x 1),2,SY,,2025-12-23T22:34:37.509154,252,251,Confident
Trajectories/2022-02-06/068_RR220206A_362C_1759.bmp,068_RR220206A_362C_1759.bmp,Trajectories/2022-04-11/075_RR220411A_440C_1519.bmp,075_RR220411A_440C_1519.bmp,HTR,not_apply,SY,,2025-12-23T22:34:38.747588,252,251,Confident
Trajectories/2022-02-06/068_RR220206A_362C_1759.bmp,068_RR220206A_362C_1759.bmp,Trajectories/2022-04-11/075_RR220411A_440C_1519.bmp,075_RR220411A_440C_1519.bmp,Twinned(2 x 1),not_apply,SY,,2025-12-23T22:34:40.121540,252,251,Confident
Trajectories/2022-02-06/068_RR220206A_362C_1759.bmp,068_RR220206A_362C_1759.bmp,Trajectories/2022-04-11/075_RR220411A_440C_1519.bmp,075_RR220411A_440C_1519.bmp,(√13 x √13),not_apply,SY,,2025-12-23T22:34:41.420550,252,251,Confident
Trajectories/2022-02-06/068_RR220206A_362C_1759.bmp,068_RR220206A_362C_1759.bmp,Trajectories/2022-04-11/075_RR220411A_440C_1519.bmp,075_RR220411A_440C_1519.bmp,c(6 x 2),not_apply,SY,,2025-12-23T22:34:42.520829,252,251,Confident
Trajectories/2022-04-11/383_RR220411A_597C_1941.bmp,383_RR220411A_597C_1941.bmp,Trajectories/2022-02-04/097_RR220204A_405C_1727.bmp,097_RR220204A_405C_1727.bmp,c(6 x 2),1,SY,,2025-12-23T22:35:07.180457,259,240,Confident
Trajectories/2022-04-11/383_RR220411A_597C_1941.bmp,383_RR220411A_597C_1941.bmp,Trajectories/2022-02-04/097_RR220204A_405C_1727.bmp,097_RR220204A_405C_1727.bmp,(√13 x √13),1,SY,,2025-12-23T22:35:08.622839,259,240,Confident
Trajectories/2022-04-11/383_RR220411A_597C_1941.bmp,383_RR220411A_597C_1941.bmp,Trajectories/2022-02-04/097_RR220204A_405C_1727.bmp,097_RR220204A_405C_1727.bmp,Twinned(2 x 1),2,SY,,2025-12-23T22:35:10.000147,259,240,Confident
Trajectories/2022-04-11/383_RR220411A_597C_1941.bmp,383_RR220411A_597C_1941.bmp,Trajectories/2022-02-04/097_RR220204A_405C_1727.bmp,097_RR220204A_405C_1727.bmp,HTR,not_apply,SY,,2025-12-23T22:35:11.299926,259,240,Confident
Trajectories/2022-04-11/383_RR220411A_597C_1941.bmp,383_RR220411A_597C_1941.bmp,Trajectories/2022-02-04/097_RR220204A_405C_1727.bmp,097_RR220204A_405C_1727.bmp,(1 x 1),1,SY,,2025-12-23T22:35:12.659627,259,240,Confident
Trajectories/2022-02-06/247_RR220206A_657C_2207.bmp,247_RR220206A_657C_2207.bmp,Trajectories/2022-02-06/095_RR220206A_614C_1835.bmp,095_RR220206A_614C_1835.bmp,(1 x 1),2,AJ,,2025-12-26T08:11:46.388299,152,168,Confident
Trajectories/2022-02-06/247_RR220206A_657C_2207.bmp,247_RR220206A_657C_2207.bmp,Trajectories/2022-02-06/095_RR220206A_614C_1835.bmp,095_RR220206A_614C_1835.bmp,Twinned(2 x 1),not_apply,AJ,,2025-12-26T08:11:47.746176,152,168,Confident
Trajectories/2022-02-06/247_RR220206A_657C_2207.bmp,247_RR220206A_657C_2207.bmp,Trajectories/2022-02-06/095_RR220206A_614C_1835.bmp,095_RR220206A_614C_1835.bmp,c(6 x 2),not_apply,AJ,,2025-12-26T08:11:48.728063,152,168,Confident
Trajectories/2022-02-06/247_RR220206A_657C_2207.bmp,247_RR220206A_657C_2207.bmp,Trajectories/2022-02-06/095_RR220206A_614C_1835.bmp,095_RR220206A_614C_1835.bmp,(√13 x √13),not_apply,AJ,,2025-12-26T08:11:49.842298,152,168,Confident
Trajectories/2022-02-06/247_RR220206A_657C_2207.bmp,247_RR220206A_657C_2207.bmp,Trajectories/2022-02-06/095_RR220206A_614C_1835.bmp,095_RR220206A_614C_1835.bmp,HTR,1,AJ,,2025-12-26T08:11:50.799793,152,168,Confident
Trajectories/2022-02-06/037_RR220206A_165C_1722.bmp,037_RR220206A_165C_1722.bmp,Trajectories/2022-04-11/219_RR220411A_865C_1720.bmp,219_RR220411A_865C_1720.bmp,(√13 x √13),2,AJ,,2025-12-26T08:12:16.205371,147,209,Confident
Trajectories/2022-02-06/037_RR220206A_165C_1722.bmp,037_RR220206A_165C_1722.bmp,Trajectories/2022-04-11/219_RR220411A_865C_1720.bmp,219_RR220411A_865C_1720.bmp,c(6 x 2),2,AJ,,2025-12-26T08:12:17.241128,147,209,Confident
Trajectories/2022-02-06/037_RR220206A_165C_1722.bmp,037_RR220206A_165C_1722.bmp,Trajectories/2022-04-11/219_RR220411A_865C_1720.bmp,219_RR220411A_865C_1720.bmp,Twinned(2 x 1),not_apply,AJ,,2025-12-26T08:12:18.318322,147,209,Confident
Trajectories/2022-02-06/037_RR220206A_165C_1722.bmp,037_RR220206A_165C_1722.bmp,Trajectories/2022-04-11/219_RR220411A_865C_1720.bmp,219_RR220411A_865C_1720.bmp,(1 x 1),1,AJ,,2025-12-26T08:12:19.509080,147,209,Confident
Trajectories/2022-02-06/037_RR220206A_165C_1722.bmp,037_RR220206A_165C_1722.bmp,Trajectories/2022-04-11/219_RR220411A_865C_1720.bmp,219_RR220411A_865C_1720.bmp,HTR,not_apply,AJ,,2025-12-26T08:12:20.521106,147,209,Confident
Trajectories/2022-02-04/189_RR220204A_578C_1830.bmp,189_RR220204A_578C_1830.bmp,Trajectories/2022-02-04/341_RR220204A_937C_2114.bmp,341_RR220204A_937C_2114.bmp,(1 x 1),not_apply,AJ,,2025-12-26T08:12:36.751503,215,198,Confident
Trajectories/2022-02-04/189_RR220204A_578C_1830.bmp,189_RR220204A_578C_1830.bmp,Trajectories/2022-02-04/341_RR220204A_937C_2114.bmp,341_RR220204A_937C_2114.bmp,Twinned(2 x 1),not_apply,AJ,,2025-12-26T08:12:37.850644,215,198,Confident
Trajectories/2022-02-04/189_RR220204A_578C_1830.bmp,189_RR220204A_578C_1830.bmp,Trajectories/2022-02-04/341_RR220204A_937C_2114.bmp,341_RR220204A_937C_2114.bmp,c(6 x 2),tie,AJ,,2025-12-26T08:12:38.877328,215,198,Confident
Trajectories/2022-02-04/189_RR220204A_578C_1830.bmp,189_RR220204A_578C_1830.bmp,Trajectories/2022-02-04/341_RR220204A_937C_2114.bmp,341_RR220204A_937C_2114.bmp,(√13 x √13),tie,AJ,,2025-12-26T08:12:39.815659,215,198,Confident
Trajectories/2022-02-04/189_RR220204A_578C_1830.bmp,189_RR220204A_578C_1830.bmp,Trajectories/2022-02-04/341_RR220204A_937C_2114.bmp,341_RR220204A_937C_2114.bmp,HTR,not_apply,AJ,,2025-12-26T08:12:40.894623,215,198,Confident
Trajectories/2022-02-04/303_RR220204A_917C_2021.bmp,303_RR220204A_917C_2021.bmp,Trajectories/2022-04-11/226_RR220411A_873C_1725.bmp,226_RR220411A_873C_1725.bmp,c(6 x 2),tie,AJ,,2025-12-26T08:12:58.531056,335,204,Confident
Trajectories/2022-02-04/303_RR220204A_917C_2021.bmp,303_RR220204A_917C_2021.bmp,Trajectories/2022-04-11/226_RR220411A_873C_1725.bmp,226_RR220411A_873C_1725.bmp,(√13 x √13),tie,AJ,,2025-12-26T08:12:59.493280,335,204,Confident
Trajectories/2022-02-04/303_RR220204A_917C_2021.bmp,303_RR220204A_917C_2021.bmp,Trajectories/2022-04-11/226_RR220411A_873C_1725.bmp,226_RR220411A_873C_1725.bmp,(1 x 1),not_apply,AJ,,2025-12-26T08:13:00.440229,335,204,Confident
Trajectories/2022-02-04/303_RR220204A_917C_2021.bmp,303_RR220204A_917C_2021.bmp,Trajectories/2022-04-11/226_RR220411A_873C_1725.bmp,226_RR220411A_873C_1725.bmp,HTR,not_apply,AJ,,2025-12-26T08:13:01.588867,335,204,Confident
Trajectories/2022-02-04/303_RR220204A_917C_2021.bmp,303_RR220204A_917C_2021.bmp,Trajectories/2022-04-11/226_RR220411A_873C_1725.bmp,226_RR220411A_873C_1725.bmp,Twinned(2 x 1),not_apply,AJ,,2025-12-26T08:13:02.569286,335,204,Confident
Trajectories/2022-02-04/115_RR220204A_441C_1738.bmp,115_RR220204A_441C_1738.bmp,Trajectories/2022-02-06/152_RR220206A_1077C_2001-02.bmp,152_RR220206A_1077C_2001-02.bmp,c(6 x 2),1,AJ,,2025-12-26T08:13:28.371749,233,246,Confident
Trajectories/2022-02-04/115_RR220204A_441C_1738.bmp,115_RR220204A_441C_1738.bmp,Trajectories/2022-02-06/152_RR220206A_1077C_2001-02.bmp,152_RR220206A_1077C_2001-02.bmp,HTR,2,AJ,,2025-12-26T08:13:29.255117,233,246,Confident
Trajectories/2022-02-04/115_RR220204A_441C_1738.bmp,115_RR220204A_441C_1738.bmp,Trajectories/2022-02-06/152_RR220206A_1077C_2001-02.bmp,152_RR220206A_1077C_2001-02.bmp,(√13 x √13),1,AJ,,2025-12-26T08:13:30.275647,233,246,Confident
Trajectories/2022-02-04/115_RR220204A_441C_1738.bmp,115_RR220204A_441C_1738.bmp,Trajectories/2022-02-06/152_RR220206A_1077C_2001-02.bmp,152_RR220206A_1077C_2001-02.bmp,Twinned(2 x 1),not_apply,AJ,,2025-12-26T08:13:31.244541,233,246,Confident
Trajectories/2022-02-04/115_RR220204A_441C_1738.bmp,115_RR220204A_441C_1738.bmp,Trajectories/2022-02-06/152_RR220206A_1077C_2001-02.bmp,152_RR220206A_1077C_2001-02.bmp,(1 x 1),not_apply,AJ,,2025-12-26T08:13:32.069187,233,246,Confident
Trajectories/2022-02-04/253_RR220204A_782C_1923.bmp,253_RR220204A_782C_1923.bmp,Trajectories/2022-02-06/262_RR220206A_540C_2228.bmp,262_RR220206A_540C_2228.bmp,Twinned(2 x 1),not_apply,AJ,,2025-12-26T08:13:53.511971,195,189,Confident
Trajectories/2022-02-04/253_RR220204A_782C_1923.bmp,253_RR220204A_782C_1923.bmp,Trajectories/2022-02-06/262_RR220206A_540C_2228.bmp,262_RR220206A_540C_2228.bmp,(1 x 1),not_apply,AJ,,2025-12-26T08:13:54.489680,195,189,Confident
Trajectories/2022-02-04/253_RR220204A_782C_1923.bmp,253_RR220204A_782C_1923.bmp,Trajectories/2022-02-06/262_RR220206A_540C_2228.bmp,262_RR220206A_540C_2228.bmp,c(6 x 2),1,AJ,,2025-12-26T08:13:55.345250,195,189,Confident
Trajectories/2022-02-04/253_RR220204A_782C_1923.bmp,253_RR220204A_782C_1923.bmp,Trajectories/2022-02-06/262_RR220206A_540C_2228.bmp,262_RR220206A_540C_2228.bmp,HTR,2,AJ,,2025-12-26T08:13:56.276916,195,189,Confident
Trajectories/2022-02-04/253_RR220204A_782C_1923.bmp,253_RR220204A_782C_1923.bmp,Trajectories/2022-02-06/262_RR220206A_540C_2228.bmp,262_RR220206A_540C_2228.bmp,(√13 x √13),1,AJ,,2025-12-26T08:13:57.216913,195,189,Confident
Trajectories/2022-02-04/178_RR220204A_544C_1822.bmp,178_RR220204A_544C_1822.bmp,Trajectories/2022-04-11/013_RR220411A_223C_1424.bmp,013_RR220411A_223C_1424.bmp,HTR,not_apply,AJ,,2025-12-26T08:14:13.684446,199,212,Confident
Trajectories/2022-02-04/178_RR220204A_544C_1822.bmp,178_RR220204A_544C_1822.bmp,Trajectories/2022-04-11/013_RR220411A_223C_1424.bmp,013_RR220411A_223C_1424.bmp,(1 x 1),2,AJ,,2025-12-26T08:14:14.751356,199,212,Confident
Trajectories/2022-02-04/178_RR220204A_544C_1822.bmp,178_RR220204A_544C_1822.bmp,Trajectories/2022-04-11/013_RR220411A_223C_1424.bmp,013_RR220411A_223C_1424.bmp,c(6 x 2),1,AJ,,2025-12-26T08:14:15.730692,199,212,Confident
Trajectories/2022-02-04/178_RR220204A_544C_1822.bmp,178_RR220204A_544C_1822.bmp,Trajectories/2022-04-11/013_RR220411A_223C_1424.bmp,013_RR220411A_223C_1424.bmp,(√13 x √13),1,AJ,,2025-12-26T08:14:16.758954,199,212,Confident
Trajectories/2022-02-04/178_RR220204A_544C_1822.bmp,178_RR220204A_544C_1822.bmp,Trajectories/2022-04-11/013_RR220411A_223C_1424.bmp,013_RR220411A_223C_1424.bmp,Twinned(2 x 1),not_apply,AJ,,2025-12-26T08:14:17.759004,199,212,Confident
Trajectories/2022-04-11/156_RR220411A_699C_1628.bmp,156_RR220411A_699C_1628.bmp,Trajectories/2022-04-11/053_RR220411A_374C_1502.bmp,053_RR220411A_374C_1502.bmp,(1 x 1),tie,AJ,,2025-12-26T08:14:29.732539,192,181,Confident
Trajectories/2022-04-11/156_RR220411A_699C_1628.bmp,156_RR220411A_699C_1628.bmp,Trajectories/2022-04-11/053_RR220411A_374C_1502.bmp,053_RR220411A_374C_1502.bmp,Twinned(2 x 1),not_apply,AJ,,2025-12-26T08:14:30.647927,192,181,Confident
Trajectories/2022-04-11/156_RR220411A_699C_1628.bmp,156_RR220411A_699C_1628.bmp,Trajectories/2022-04-11/053_RR220411A_374C_1502.bmp,053_RR220411A_374C_1502.bmp,HTR,not_apply,AJ,,2025-12-26T08:14:31.625583,192,181,Confident
Trajectories/2022-04-11/156_RR220411A_699C_1628.bmp,156_RR220411A_699C_1628.bmp,Trajectories/2022-04-11/053_RR220411A_374C_1502.bmp,053_RR220411A_374C_1502.bmp,c(6 x 2),not_apply,AJ,,2025-12-26T08:14:32.456012,192,181,Confident
Trajectories/2022-04-11/156_RR220411A_699C_1628.bmp,156_RR220411A_699C_1628.bmp,Trajectories/2022-04-11/053_RR220411A_374C_1502.bmp,053_RR220411A_374C_1502.bmp,(√13 x √13),not_apply,AJ,,2025-12-26T08:14:33.295920,192,181,Confident
Trajectories/2022-02-06/090_RR220206A_568C_1828.bmp,090_RR220206A_568C_1828.bmp,Trajectories/2022-04-11/149_RR220411A_676C_1619.bmp,149_RR220411A_676C_1619.bmp,Twinned(2 x 1),not_apply,AJ,,2025-12-26T08:43:42.692604,193,205,Confident
Trajectories/2022-02-06/090_RR220206A_568C_1828.bmp,090_RR220206A_568C_1828.bmp,Trajectories/2022-04-11/149_RR220411A_676C_1619.bmp,149_RR220411A_676C_1619.bmp,c(6 x 2),not_apply,AJ,,2025-12-26T08:43:44.051930,193,205,Confident
Trajectories/2022-02-06/090_RR220206A_568C_1828.bmp,090_RR220206A_568C_1828.bmp,Trajectories/2022-04-11/149_RR220411A_676C_1619.bmp,149_RR220411A_676C_1619.bmp,(√13 x √13),not_apply,AJ,,2025-12-26T08:43:45.039194,193,205,Confident
Trajectories/2022-02-06/090_RR220206A_568C_1828.bmp,090_RR220206A_568C_1828.bmp,Trajectories/2022-04-11/149_RR220411A_676C_1619.bmp,149_RR220411A_676C_1619.bmp,(1 x 1),tie,AJ,,2025-12-26T08:43:45.922115,193,205,Confident
Trajectories/2022-02-06/090_RR220206A_568C_1828.bmp,090_RR220206A_568C_1828.bmp,Trajectories/2022-04-11/149_RR220411A_676C_1619.bmp,149_RR220411A_676C_1619.bmp,HTR,not_apply,AJ,,2025-12-26T08:43:46.831986,193,205,Confident
Trajectories/2022-04-11/186_RR220411A_805C_1658.bmp,186_RR220411A_805C_1658.bmp,Trajectories/2022-04-11/047_RR220411A_350C_1454.bmp,047_RR220411A_350C_1454.bmp,c(6 x 2),not_apply,AJ,,2025-12-26T08:44:10.245815,190,267,Confident
Trajectories/2022-04-11/186_RR220411A_805C_1658.bmp,186_RR220411A_805C_1658.bmp,Trajectories/2022-04-11/047_RR220411A_350C_1454.bmp,047_RR220411A_350C_1454.bmp,Twinned(2 x 1),not_apply,AJ,,2025-12-26T08:44:11.373931,190,267,Confident
Trajectories/2022-04-11/186_RR220411A_805C_1658.bmp,186_RR220411A_805C_1658.bmp,Trajectories/2022-04-11/047_RR220411A_350C_1454.bmp,047_RR220411A_350C_1454.bmp,(1 x 1),tie,AJ,,2025-12-26T08:44:12.392156,190,267,Confident
Trajectories/2022-04-11/186_RR220411A_805C_1658.bmp,186_RR220411A_805C_1658.bmp,Trajectories/2022-04-11/047_RR220411A_350C_1454.bmp,047_RR220411A_350C_1454.bmp,HTR,not_apply,AJ,,2025-12-26T08:44:13.294204,190,267,Confident
Trajectories/2022-04-11/186_RR220411A_805C_1658.bmp,186_RR220411A_805C_1658.bmp,Trajectories/2022-04-11/047_RR220411A_350C_1454.bmp,047_RR220411A_350C_1454.bmp,(√13 x √13),not_apply,AJ,,2025-12-26T08:44:14.251139,190,267,Confident
Trajectories/2022-02-06/095_RR220206A_614C_1835.bmp,095_RR220206A_614C_1835.bmp,Trajectories/2022-02-06/195_RR220206A_944C_2101.bmp,195_RR220206A_944C_2101.bmp,c(6 x 2),not_apply,AJ,,2025-12-26T10:21:08.236795,210,199,Confident
Trajectories/2022-02-06/095_RR220206A_614C_1835.bmp,095_RR220206A_614C_1835.bmp,Trajectories/2022-02-06/195_RR220206A_944C_2101.bmp,195_RR220206A_944C_2101.bmp,Twinned(2 x 1),not_apply,AJ,,2025-12-26T10:21:14.217541,210,199,Confident
Trajectories/2022-02-06/095_RR220206A_614C_1835.bmp,095_RR220206A_614C_1835.bmp,Trajectories/2022-02-06/195_RR220206A_944C_2101.bmp,195_RR220206A_944C_2101.bmp,HTR,2,AJ,,2025-12-26T10:21:21.079234,210,199,Confident
Trajectories/2022-02-06/095_RR220206A_614C_1835.bmp,095_RR220206A_614C_1835.bmp,Trajectories/2022-02-06/195_RR220206A_944C_2101.bmp,195_RR220206A_944C_2101.bmp,(1 x 1),1,AJ,,2025-12-26T10:21:27.714054,210,199,Confident
Trajectories/2022-02-06/095_RR220206A_614C_1835.bmp,095_RR220206A_614C_1835.bmp,Trajectories/2022-02-06/195_RR220206A_944C_2101.bmp,195_RR220206A_944C_2101.bmp,(√13 x √13),not_apply,AJ,,2025-12-26T10:21:34.921390,210,199,Confident
Trajectories/2022-02-04/128_RR220204A_459C_1753.bmp,128_RR220204A_459C_1753.bmp,Trajectories/2022-02-04/380_RR220204A_937C_2323.bmp,380_RR220204A_937C_2323.bmp,c(6 x 2),tie,AJ,,2025-12-26T10:52:55.360590,144,187,Confident
Trajectories/2022-02-04/128_RR220204A_459C_1753.bmp,128_RR220204A_459C_1753.bmp,Trajectories/2022-02-04/380_RR220204A_937C_2323.bmp,380_RR220204A_937C_2323.bmp,(√13 x √13),tie,AJ,,2025-12-26T10:52:56.666294,144,187,Confident
Trajectories/2022-02-04/128_RR220204A_459C_1753.bmp,128_RR220204A_459C_1753.bmp,Trajectories/2022-02-04/380_RR220204A_937C_2323.bmp,380_RR220204A_937C_2323.bmp,(1 x 1),not_apply,AJ,,2025-12-26T10:52:57.644448,144,187,Confident
Trajectories/2022-02-04/128_RR220204A_459C_1753.bmp,128_RR220204A_459C_1753.bmp,Trajectories/2022-02-04/380_RR220204A_937C_2323.bmp,380_RR220204A_937C_2323.bmp,HTR,not_apply,AJ,,2025-12-26T10:52:58.583373,144,187,Confident
Trajectories/2022-02-04/128_RR220204A_459C_1753.bmp,128_RR220204A_459C_1753.bmp,Trajectories/2022-02-04/380_RR220204A_937C_2323.bmp,380_RR220204A_937C_2323.bmp,Twinned(2 x 1),not_apply,AJ,,2025-12-26T10:52:59.556915,144,187,Confident
Trajectories/2022-02-04/139_RR220204A_470C_1758.bmp,139_RR220204A_470C_1758.bmp,Trajectories/2022-04-11/094_RR220411A_484C_1532.bmp,094_RR220411A_484C_1532.bmp,Twinned(2 x 1),not_apply,AJ,,2025-12-26T10:54:07.807136,266,259,Confident
Trajectories/2022-02-04/139_RR220204A_470C_1758.bmp,139_RR220204A_470C_1758.bmp,Trajectories/2022-04-11/094_RR220411A_484C_1532.bmp,094_RR220411A_484C_1532.bmp,c(6 x 2),1,AJ,,2025-12-26T10:54:08.812220,266,259,Confident
Trajectories/2022-02-04/139_RR220204A_470C_1758.bmp,139_RR220204A_470C_1758.bmp,Trajectories/2022-04-11/094_RR220411A_484C_1532.bmp,094_RR220411A_484C_1532.bmp,(1 x 1),2,AJ,,2025-12-26T10:54:09.801014,266,259,Confident
Trajectories/2022-02-04/139_RR220204A_470C_1758.bmp,139_RR220204A_470C_1758.bmp,Trajectories/2022-04-11/094_RR220411A_484C_1532.bmp,094_RR220411A_484C_1532.bmp,HTR,not_apply,AJ,,2025-12-26T10:54:10.756755,266,259,Confident
Trajectories/2022-02-04/139_RR220204A_470C_1758.bmp,139_RR220204A_470C_1758.bmp,Trajectories/2022-04-11/094_RR220411A_484C_1532.bmp,094_RR220411A_484C_1532.bmp,(√13 x √13),1,AJ,,2025-12-26T10:54:11.588269,266,259,Confident
Trajectories/2022-04-11/063_RR220411A_402C_1510.bmp,063_RR220411A_402C_1510.bmp,Trajectories/2022-04-11/268_RR220411A_952C_1801.bmp,268_RR220411A_952C_1801.bmp,HTR,not_apply,AJ,,2025-12-26T10:54:36.936401,181,195,Confident
Trajectories/2022-04-11/063_RR220411A_402C_1510.bmp,063_RR220411A_402C_1510.bmp,Trajectories/2022-04-11/268_RR220411A_952C_1801.bmp,268_RR220411A_952C_1801.bmp,(1 x 1),1,AJ,,2025-12-26T10:54:37.847960,181,195,Confident
Trajectories/2022-04-11/063_RR220411A_402C_1510.bmp,063_RR220411A_402C_1510.bmp,Trajectories/2022-04-11/268_RR220411A_952C_1801.bmp,268_RR220411A_952C_1801.bmp,Twinned(2 x 1),2,AJ,,2025-12-26T10:54:38.862592,181,195,Confident
Trajectories/2022-04-11/063_RR220411A_402C_1510.bmp,063_RR220411A_402C_1510.bmp,Trajectories/2022-04-11/268_RR220411A_952C_1801.bmp,268_RR220411A_952C_1801.bmp,c(6 x 2),2,AJ,,2025-12-26T10:54:39.821874,181,195,Confident
Trajectories/2022-04-11/063_RR220411A_402C_1510.bmp,063_RR220411A_402C_1510.bmp,Trajectories/2022-04-11/268_RR220411A_952C_1801.bmp,268_RR220411A_952C_1801.bmp,(√13 x √13),not_apply,AJ,,2025-12-26T10:54:40.725593,181,195,Confident
Trajectories/2022-04-11/386_RR220411A_580C_1943.bmp,386_RR220411A_580C_1943.bmp,Trajectories/2022-04-11/278_RR220411A_932C_1829.bmp,278_RR220411A_932C_1829.bmp,Twinned(2 x 1),not_apply,AJ,,2025-12-26T10:54:57.090303,212,243,Confident
Trajectories/2022-04-11/386_RR220411A_580C_1943.bmp,386_RR220411A_580C_1943.bmp,Trajectories/2022-04-11/278_RR220411A_932C_1829.bmp,278_RR220411A_932C_1829.bmp,(√13 x √13),tie,AJ,,2025-12-26T10:54:57.940859,212,243,Confident
Trajectories/2022-04-11/386_RR220411A_580C_1943.bmp,386_RR220411A_580C_1943.bmp,Trajectories/2022-04-11/278_RR220411A_932C_1829.bmp,278_RR220411A_932C_1829.bmp,HTR,not_apply,AJ,,2025-12-26T10:54:58.885493,212,243,Confident
Trajectories/2022-04-11/386_RR220411A_580C_1943.bmp,386_RR220411A_580C_1943.bmp,Trajectories/2022-04-11/278_RR220411A_932C_1829.bmp,278_RR220411A_932C_1829.bmp,c(6 x 2),tie,AJ,,2025-12-26T10:54:59.856663,212,243,Confident
Trajectories/2022-04-11/386_RR220411A_580C_1943.bmp,386_RR220411A_580C_1943.bmp,Trajectories/2022-04-11/278_RR220411A_932C_1829.bmp,278_RR220411A_932C_1829.bmp,(1 x 1),not_apply,AJ,,2025-12-26T10:55:00.739197,212,243,Confident
Trajectories/2022-02-06/230_RR220206A_767C_2143.bmp,230_RR220206A_767C_2143.bmp,Trajectories/2022-02-04/170_RR220204A_536C_1818.bmp,170_RR220204A_536C_1818.bmp,(√13 x √13),2,AJ,,2025-12-26T10:55:11.349541,183,211,Confident
Trajectories/2022-02-06/230_RR220206A_767C_2143.bmp,230_RR220206A_767C_2143.bmp,Trajectories/2022-02-04/170_RR220204A_536C_1818.bmp,170_RR220204A_536C_1818.bmp,c(6 x 2),2,AJ,,2025-12-26T10:55:12.497539,183,211,Confident
Trajectories/2022-02-06/230_RR220206A_767C_2143.bmp,230_RR220206A_767C_2143.bmp,Trajectories/2022-02-04/170_RR220204A_536C_1818.bmp,170_RR220204A_536C_1818.bmp,(1 x 1),not_apply,AJ,,2025-12-26T10:55:13.481292,183,211,Confident
Trajectories/2022-02-06/230_RR220206A_767C_2143.bmp,230_RR220206A_767C_2143.bmp,Trajectories/2022-02-04/170_RR220204A_536C_1818.bmp,170_RR220204A_536C_1818.bmp,HTR,1,AJ,,2025-12-26T10:55:14.454887,183,211,Confident
Trajectories/2022-02-06/230_RR220206A_767C_2143.bmp,230_RR220206A_767C_2143.bmp,Trajectories/2022-02-04/170_RR220204A_536C_1818.bmp,170_RR220204A_536C_1818.bmp,Twinned(2 x 1),not_apply,AJ,,2025-12-26T10:55:15.524997,183,211,Confident
Trajectories/2022-04-11/008_RR220411A_193C_1422.bmp,008_RR220411A_193C_1422.bmp,Trajectories/2022-04-11/093_RR220411A_482C_1531.bmp,093_RR220411A_482C_1531.bmp,Twinned(2 x 1),not_apply,AJ,,2025-12-26T10:55:23.078377,198,228,Confident
Trajectories/2022-04-11/008_RR220411A_193C_1422.bmp,008_RR220411A_193C_1422.bmp,Trajectories/2022-04-11/093_RR220411A_482C_1531.bmp,093_RR220411A_482C_1531.bmp,(√13 x √13),not_apply,AJ,,2025-12-26T10:55:24.077545,198,228,Confident
Trajectories/2022-04-11/008_RR220411A_193C_1422.bmp,008_RR220411A_193C_1422.bmp,Trajectories/2022-04-11/093_RR220411A_482C_1531.bmp,093_RR220411A_482C_1531.bmp,(1 x 1),tie,AJ,,2025-12-26T10:55:25.025952,198,228,Confident
Trajectories/2022-04-11/008_RR220411A_193C_1422.bmp,008_RR220411A_193C_1422.bmp,Trajectories/2022-04-11/093_RR220411A_482C_1531.bmp,093_RR220411A_482C_1531.bmp,c(6 x 2),not_apply,AJ,,2025-12-26T10:55:25.873484,198,228,Confident
Trajectories/2022-04-11/008_RR220411A_193C_1422.bmp,008_RR220411A_193C_1422.bmp,Trajectories/2022-04-11/093_RR220411A_482C_1531.bmp,093_RR220411A_482C_1531.bmp,HTR,not_apply,AJ,,2025-12-26T10:55:26.802501,198,228,Confident
Trajectories/2022-02-06/271_RR220206A_425C_2242.bmp,271_RR220206A_425C_2242.bmp,Trajectories/2022-04-11/372_RR220411A_636C_1935.bmp,372_RR220411A_636C_1935.bmp,Twinned(2 x 1),not_apply,AJ,,2025-12-26T10:55:49.346388,218,220,Confident
Trajectories/2022-02-06/271_RR220206A_425C_2242.bmp,271_RR220206A_425C_2242.bmp,Trajectories/2022-04-11/372_RR220411A_636C_1935.bmp,372_RR220411A_636C_1935.bmp,c(6 x 2),2,AJ,,2025-12-26T10:55:50.515210,218,220,Confident
Trajectories/2022-02-06/271_RR220206A_425C_2242.bmp,271_RR220206A_425C_2242.bmp,Trajectories/2022-04-11/372_RR220411A_636C_1935.bmp,372_RR220411A_636C_1935.bmp,(1 x 1),not_apply,AJ,,2025-12-26T10:55:51.570661,218,220,Confident
Trajectories/2022-02-06/271_RR220206A_425C_2242.bmp,271_RR220206A_425C_2242.bmp,Trajectories/2022-04-11/372_RR220411A_636C_1935.bmp,372_RR220411A_636C_1935.bmp,(√13 x √13),2,AJ,,2025-12-26T10:55:52.728937,218,220,Confident
Trajectories/2022-04-11/291_RR220411A_888C_1840.bmp,291_RR220411A_888C_1840.bmp,Trajectories/2022-02-04/007_RR220204A_931C_0051.bmp,007_RR220204A_931C_0051.bmp,(√13 x √13),tie,AJ,,2025-12-26T10:56:06.706063,161,224,Confident
Trajectories/2022-04-11/291_RR220411A_888C_1840.bmp,291_RR220411A_888C_1840.bmp,Trajectories/2022-02-04/007_RR220204A_931C_0051.bmp,007_RR220204A_931C_0051.bmp,c(6 x 2),tie,AJ,,2025-12-26T10:56:07.631597,161,224,Confident
Trajectories/2022-04-11/291_RR220411A_888C_1840.bmp,291_RR220411A_888C_1840.bmp,Trajectories/2022-02-04/007_RR220204A_931C_0051.bmp,007_RR220204A_931C_0051.bmp,HTR,not_apply,AJ,,2025-12-26T10:56:08.583611,161,224,Confident
Trajectories/2022-04-11/291_RR220411A_888C_1840.bmp,291_RR220411A_888C_1840.bmp,Trajectories/2022-02-04/007_RR220204A_931C_0051.bmp,007_RR220204A_931C_0051.bmp,Twinned(2 x 1),not_apply,AJ,,2025-12-26T10:56:09.482082,161,224,Confident
Trajectories/2022-04-11/291_RR220411A_888C_1840.bmp,291_RR220411A_888C_1840.bmp,Trajectories/2022-02-04/007_RR220204A_931C_0051.bmp,007_RR220204A_931C_0051.bmp,(1 x 1),not_apply,AJ,,2025-12-26T10:56:10.369437,161,224,Confident
Trajectories/2022-02-06/230_RR220206A_767C_2143.bmp,230_RR220206A_767C_2143.bmp,Trajectories/2022-02-04/001_RR220204A_933C_0006.bmp,001_RR220204A_933C_0006.bmp,(1 x 1),not_apply,HL,,2026-01-02T22:16:55.498005,200,368,Somewhat sure
Trajectories/2022-02-06/230_RR220206A_767C_2143.bmp,230_RR220206A_767C_2143.bmp,Trajectories/2022-02-04/001_RR220204A_933C_0006.bmp,001_RR220204A_933C_0006.bmp,(√13 x √13),2,HL,,2026-01-02T22:16:57.327128,200,368,Somewhat sure
Trajectories/2022-02-06/230_RR220206A_767C_2143.bmp,230_RR220206A_767C_2143.bmp,Trajectories/2022-02-04/001_RR220204A_933C_0006.bmp,001_RR220204A_933C_0006.bmp,HTR,1,HL,,2026-01-02T22:16:58.510130,200,368,Somewhat sure
Trajectories/2022-02-06/230_RR220206A_767C_2143.bmp,230_RR220206A_767C_2143.bmp,Trajectories/2022-02-04/001_RR220204A_933C_0006.bmp,001_RR220204A_933C_0006.bmp,c(6 x 2),not_apply,HL,,2026-01-02T22:16:59.758522,200,368,Somewhat sure
Trajectories/2022-02-06/230_RR220206A_767C_2143.bmp,230_RR220206A_767C_2143.bmp,Trajectories/2022-02-04/001_RR220204A_933C_0006.bmp,001_RR220204A_933C_0006.bmp,Twinned(2 x 1),2,HL,,2026-01-02T22:17:01.044711,200,368,Somewhat sure
Trajectories/2022-04-11/067_RR220411A_416C_1513-02.bmp,067_RR220411A_416C_1513-02.bmp,Trajectories/2022-02-06/097_RR220206A_654C_1837.bmp,097_RR220206A_654C_1837.bmp,HTR,not_apply,HL,,2026-01-02T22:18:06.296425,246,250,Confident
Trajectories/2022-04-11/067_RR220411A_416C_1513-02.bmp,067_RR220411A_416C_1513-02.bmp,Trajectories/2022-02-06/097_RR220206A_654C_1837.bmp,097_RR220206A_654C_1837.bmp,(√13 x √13),not_apply,HL,,2026-01-02T22:18:07.732904,246,250,Confident
Trajectories/2022-04-11/067_RR220411A_416C_1513-02.bmp,067_RR220411A_416C_1513-02.bmp,Trajectories/2022-02-06/097_RR220206A_654C_1837.bmp,097_RR220206A_654C_1837.bmp,c(6 x 2),not_apply,HL,,2026-01-02T22:18:08.941524,246,250,Confident
Trajectories/2022-04-11/067_RR220411A_416C_1513-02.bmp,067_RR220411A_416C_1513-02.bmp,Trajectories/2022-02-06/097_RR220206A_654C_1837.bmp,097_RR220206A_654C_1837.bmp,(1 x 1),1,HL,,2026-01-02T22:18:10.133502,246,250,Confident
Trajectories/2022-04-11/067_RR220411A_416C_1513-02.bmp,067_RR220411A_416C_1513-02.bmp,Trajectories/2022-02-06/097_RR220206A_654C_1837.bmp,097_RR220206A_654C_1837.bmp,Twinned(2 x 1),not_apply,HL,,2026-01-02T22:18:11.436424,246,250,Confident
Trajectories/2022-04-11/081_RR220411A_453C_1523.bmp,081_RR220411A_453C_1523.bmp,Trajectories/2022-02-04/314_RR220204A_937C_2030.bmp,314_RR220204A_937C_2030.bmp,(1 x 1),2,HL,,2026-01-02T22:20:07.278909,320,400,Confident
Trajectories/2022-04-11/081_RR220411A_453C_1523.bmp,081_RR220411A_453C_1523.bmp,Trajectories/2022-02-04/314_RR220204A_937C_2030.bmp,314_RR220204A_937C_2030.bmp,Twinned(2 x 1),2,HL,,2026-01-02T22:20:08.533379,320,400,Confident
Trajectories/2022-04-11/081_RR220411A_453C_1523.bmp,081_RR220411A_453C_1523.bmp,Trajectories/2022-02-04/314_RR220204A_937C_2030.bmp,314_RR220204A_937C_2030.bmp,(√13 x √13),2,HL,,2026-01-02T22:20:09.737265,320,400,Confident
Trajectories/2022-04-11/081_RR220411A_453C_1523.bmp,081_RR220411A_453C_1523.bmp,Trajectories/2022-02-04/314_RR220204A_937C_2030.bmp,314_RR220204A_937C_2030.bmp,HTR,not_apply,HL,,2026-01-02T22:20:10.841465,320,400,Confident
Trajectories/2022-04-11/081_RR220411A_453C_1523.bmp,081_RR220411A_453C_1523.bmp,Trajectories/2022-02-04/314_RR220204A_937C_2030.bmp,314_RR220204A_937C_2030.bmp,c(6 x 2),not_apply,HL,,2026-01-02T22:20:11.937876,320,400,Confident
Trajectories/2022-02-06/151_RR220206A_1077C_2001-01.bmp,151_RR220206A_1077C_2001-01.bmp,Trajectories/2022-02-04/106_RR220204A_430C_1736.bmp,106_RR220204A_430C_1736.bmp,HTR,1,HL,,2026-01-02T22:20:35.638126,200,287,Confident
Trajectories/2022-02-06/151_RR220206A_1077C_2001-01.bmp,151_RR220206A_1077C_2001-01.bmp,Trajectories/2022-02-04/106_RR220204A_430C_1736.bmp,106_RR220204A_430C_1736.bmp,(1 x 1),1,HL,,2026-01-02T22:20:36.688310,200,287,Confident
Trajectories/2022-02-06/151_RR220206A_1077C_2001-01.bmp,151_RR220206A_1077C_2001-01.bmp,Trajectories/2022-02-04/106_RR220204A_430C_1736.bmp,106_RR220204A_430C_1736.bmp,(√13 x √13),2,HL,,2026-01-02T22:20:38.188000,200,287,Confident
Trajectories/2022-02-06/151_RR220206A_1077C_2001-01.bmp,151_RR220206A_1077C_2001-01.bmp,Trajectories/2022-02-04/106_RR220204A_430C_1736.bmp,106_RR220204A_430C_1736.bmp,Twinned(2 x 1),2,HL,,2026-01-02T22:20:39.360330,200,287,Confident
Trajectories/2022-02-06/151_RR220206A_1077C_2001-01.bmp,151_RR220206A_1077C_2001-01.bmp,Trajectories/2022-02-04/106_RR220204A_430C_1736.bmp,106_RR220204A_430C_1736.bmp,c(6 x 2),not_apply,HL,,2026-01-02T22:20:40.866324,200,287,Confident
Trajectories/2022-04-11/417_RR220411A_427C_1956.bmp,417_RR220411A_427C_1956.bmp,Trajectories/2022-02-06/132_RR220206A_959C_1932.bmp,132_RR220206A_959C_1932.bmp,(1 x 1),2,HL,,2026-01-02T22:23:04.068316,306,321,Confident
Trajectories/2022-04-11/417_RR220411A_427C_1956.bmp,417_RR220411A_427C_1956.bmp,Trajectories/2022-02-06/132_RR220206A_959C_1932.bmp,132_RR220206A_959C_1932.bmp,Twinned(2 x 1),not_apply,HL,,2026-01-02T22:23:05.253357,306,321,Confident
Trajectories/2022-04-11/417_RR220411A_427C_1956.bmp,417_RR220411A_427C_1956.bmp,Trajectories/2022-02-06/132_RR220206A_959C_1932.bmp,132_RR220206A_959C_1932.bmp,c(6 x 2),1,HL,,2026-01-02T22:23:06.252348,306,321,Confident
Trajectories/2022-04-11/417_RR220411A_427C_1956.bmp,417_RR220411A_427C_1956.bmp,Trajectories/2022-02-06/132_RR220206A_959C_1932.bmp,132_RR220206A_959C_1932.bmp,(√13 x √13),1,HL,,2026-01-02T22:23:07.406479,306,321,Confident
Trajectories/2022-04-11/417_RR220411A_427C_1956.bmp,417_RR220411A_427C_1956.bmp,Trajectories/2022-02-06/132_RR220206A_959C_1932.bmp,132_RR220206A_959C_1932.bmp,HTR,not_apply,HL,,2026-01-02T22:23:08.568198,306,321,Confident
Trajectories/2022-02-04/221_RR220204A_666C_1854.bmp,221_RR220204A_666C_1854.bmp,Trajectories/2022-04-11/358_RR220411A_677C_1926.bmp,358_RR220411A_677C_1926.bmp,(√13 x √13),2,HL,,2026-01-02T22:37:17.937343,249,291,Confident
Trajectories/2022-02-04/221_RR220204A_666C_1854.bmp,221_RR220204A_666C_1854.bmp,Trajectories/2022-04-11/358_RR220411A_677C_1926.bmp,358_RR220411A_677C_1926.bmp,c(6 x 2),2,HL,,2026-01-02T22:37:19.622291,249,291,Confident
Trajectories/2022-02-04/221_RR220204A_666C_1854.bmp,221_RR220204A_666C_1854.bmp,Trajectories/2022-04-11/358_RR220411A_677C_1926.bmp,358_RR220411A_677C_1926.bmp,HTR,not_apply,HL,,2026-01-02T22:37:20.894927,249,291,Confident
Trajectories/2022-02-04/221_RR220204A_666C_1854.bmp,221_RR220204A_666C_1854.bmp,Trajectories/2022-04-11/358_RR220411A_677C_1926.bmp,358_RR220411A_677C_1926.bmp,Twinned(2 x 1),1,HL,,2026-01-02T22:37:22.173621,249,291,Confident
Trajectories/2022-02-04/221_RR220204A_666C_1854.bmp,221_RR220204A_666C_1854.bmp,Trajectories/2022-04-11/358_RR220411A_677C_1926.bmp,358_RR220411A_677C_1926.bmp,(1 x 1),2,HL,,2026-01-02T22:37:23.459411,249,291,Confident
Trajectories/2022-02-04/338_RR220204A_940C_2108.bmp,338_RR220204A_940C_2108.bmp,Trajectories/2022-04-11/354_RR220411A_693C_1924.bmp,354_RR220411A_693C_1924.bmp,c(6 x 2),2,Jiangang,,2026-01-05T15:46:27.745309,325,202,Confident
Trajectories/2022-02-04/338_RR220204A_940C_2108.bmp,338_RR220204A_940C_2108.bmp,Trajectories/2022-04-11/354_RR220411A_693C_1924.bmp,354_RR220411A_693C_1924.bmp,Twinned(2 x 1),1,Jiangang,,2026-01-05T15:46:29.362949,325,202,Confident
Trajectories/2022-02-04/338_RR220204A_940C_2108.bmp,338_RR220204A_940C_2108.bmp,Trajectories/2022-04-11/354_RR220411A_693C_1924.bmp,354_RR220411A_693C_1924.bmp,HTR,not_apply,Jiangang,,2026-01-05T15:46:30.755792,325,202,Confident
Trajectories/2022-02-04/338_RR220204A_940C_2108.bmp,338_RR220204A_940C_2108.bmp,Trajectories/2022-04-11/354_RR220411A_693C_1924.bmp,354_RR220411A_693C_1924.bmp,(1 x 1),not_apply,Jiangang,,2026-01-05T15:46:31.668455,325,202,Confident
Trajectories/2022-02-04/338_RR220204A_940C_2108.bmp,338_RR220204A_940C_2108.bmp,Trajectories/2022-04-11/354_RR220411A_693C_1924.bmp,354_RR220411A_693C_1924.bmp,(√13 x √13),tie,Jiangang,,2026-01-05T15:46:32.595069,325,202,Confident
Trajectories/2022-02-04/152_RR220204A_488C_1805-02.bmp,152_RR220204A_488C_1805-02.bmp,Trajectories/2022-04-11/173_RR220411A_755C_1643.bmp,173_RR220411A_755C_1643.bmp,c(6 x 2),not_apply,Jiangang,,2026-01-05T15:47:01.574717,276,321,Confident
Trajectories/2022-02-04/152_RR220204A_488C_1805-02.bmp,152_RR220204A_488C_1805-02.bmp,Trajectories/2022-04-11/173_RR220411A_755C_1643.bmp,173_RR220411A_755C_1643.bmp,(1 x 1),2,Jiangang,,2026-01-05T15:47:02.726942,276,321,Confident
Trajectories/2022-02-04/152_RR220204A_488C_1805-02.bmp,152_RR220204A_488C_1805-02.bmp,Trajectories/2022-04-11/173_RR220411A_755C_1643.bmp,173_RR220411A_755C_1643.bmp,HTR,not_apply,Jiangang,,2026-01-05T15:47:03.735044,276,321,Confident
Trajectories/2022-02-04/152_RR220204A_488C_1805-02.bmp,152_RR220204A_488C_1805-02.bmp,Trajectories/2022-04-11/173_RR220411A_755C_1643.bmp,173_RR220411A_755C_1643.bmp,Twinned(2 x 1),1,Jiangang,,2026-01-05T15:47:04.745549,276,321,Confident
Trajectories/2022-02-04/152_RR220204A_488C_1805-02.bmp,152_RR220204A_488C_1805-02.bmp,Trajectories/2022-04-11/173_RR220411A_755C_1643.bmp,173_RR220411A_755C_1643.bmp,(√13 x √13),1,Jiangang,,2026-01-05T15:47:05.667741,276,321,Confident
Trajectories/2022-02-04/156_RR220204A_490C_1808.bmp,156_RR220204A_490C_1808.bmp,Trajectories/2022-02-04/383_RR220204A_937C_2331.bmp,383_RR220204A_937C_2331.bmp,c(6 x 2),not_apply,Jiangang,,2026-01-05T15:47:50.744420,300,301,Confident
Trajectories/2022-02-04/156_RR220204A_490C_1808.bmp,156_RR220204A_490C_1808.bmp,Trajectories/2022-02-04/383_RR220204A_937C_2331.bmp,383_RR220204A_937C_2331.bmp,(1 x 1),not_apply,Jiangang,,2026-01-05T15:47:51.850515,300,301,Confident
Trajectories/2022-02-04/156_RR220204A_490C_1808.bmp,156_RR220204A_490C_1808.bmp,Trajectories/2022-02-04/383_RR220204A_937C_2331.bmp,383_RR220204A_937C_2331.bmp,(√13 x √13),tie,Jiangang,,2026-01-05T15:47:52.872317,300,301,Confident
Trajectories/2022-02-04/156_RR220204A_490C_1808.bmp,156_RR220204A_490C_1808.bmp,Trajectories/2022-02-04/383_RR220204A_937C_2331.bmp,383_RR220204A_937C_2331.bmp,HTR,not_apply,Jiangang,,2026-01-05T15:47:53.817106,300,301,Confident
Trajectories/2022-02-04/156_RR220204A_490C_1808.bmp,156_RR220204A_490C_1808.bmp,Trajectories/2022-02-04/383_RR220204A_937C_2331.bmp,383_RR220204A_937C_2331.bmp,Twinned(2 x 1),tie,Jiangang,,2026-01-05T15:47:54.734992,300,301,Confident
Trajectories/2022-04-11/100_RR220411A_492C_1537.bmp,100_RR220411A_492C_1537.bmp,Trajectories/2022-02-04/159_RR220204A_501C_1809-01.bmp,159_RR220204A_501C_1809-01.bmp,Twinned(2 x 1),2,Jiangang,,2026-01-05T15:48:52.182908,305,327,Confident
Trajectories/2022-04-11/100_RR220411A_492C_1537.bmp,100_RR220411A_492C_1537.bmp,Trajectories/2022-02-04/159_RR220204A_501C_1809-01.bmp,159_RR220204A_501C_1809-01.bmp,c(6 x 2),not_apply,Jiangang,,2026-01-05T15:48:53.139883,305,327,Confident
Trajectories/2022-04-11/100_RR220411A_492C_1537.bmp,100_RR220411A_492C_1537.bmp,Trajectories/2022-02-04/159_RR220204A_501C_1809-01.bmp,159_RR220204A_501C_1809-01.bmp,(1 x 1),1,Jiangang,,2026-01-05T15:48:54.039527,305,327,Confident
Trajectories/2022-04-11/100_RR220411A_492C_1537.bmp,100_RR220411A_492C_1537.bmp,Trajectories/2022-02-04/159_RR220204A_501C_1809-01.bmp,159_RR220204A_501C_1809-01.bmp,HTR,not_apply,Jiangang,,2026-01-05T15:48:54.990813,305,327,Confident
Trajectories/2022-04-11/100_RR220411A_492C_1537.bmp,100_RR220411A_492C_1537.bmp,Trajectories/2022-02-04/159_RR220204A_501C_1809-01.bmp,159_RR220204A_501C_1809-01.bmp,(√13 x √13),2,Jiangang,,2026-01-05T15:48:55.985811,305,327,Confident
Trajectories/2022-04-11/111_RR220411A_536C_1546.bmp,111_RR220411A_536C_1546.bmp,Trajectories/2022-04-11/175_RR220411A_765C_1645.bmp,175_RR220411A_765C_1645.bmp,(√13 x √13),not_apply,Jiangang,,2026-01-05T15:49:28.098935,302,335,Confident
Trajectories/2022-04-11/111_RR220411A_536C_1546.bmp,111_RR220411A_536C_1546.bmp,Trajectories/2022-04-11/175_RR220411A_765C_1645.bmp,175_RR220411A_765C_1645.bmp,(1 x 1),tie,Jiangang,,2026-01-05T15:49:29.047838,302,335,Confident
Trajectories/2022-04-11/111_RR220411A_536C_1546.bmp,111_RR220411A_536C_1546.bmp,Trajectories/2022-04-11/175_RR220411A_765C_1645.bmp,175_RR220411A_765C_1645.bmp,Twinned(2 x 1),not_apply,Jiangang,,2026-01-05T15:49:30.061380,302,335,Confident
Trajectories/2022-04-11/111_RR220411A_536C_1546.bmp,111_RR220411A_536C_1546.bmp,Trajectories/2022-04-11/175_RR220411A_765C_1645.bmp,175_RR220411A_765C_1645.bmp,HTR,not_apply,Jiangang,,2026-01-05T15:49:30.891749,302,335,Confident
Trajectories/2022-04-11/286_RR220411A_906C_1837.bmp,286_RR220411A_906C_1837.bmp,Trajectories/2022-02-06/189_RR220206A_971C_2054-01.bmp,189_RR220206A_971C_2054-01.bmp,c(6 x 2),1,Jiangang,,2026-01-05T15:50:44.454600,236,291,Confident
Trajectories/2022-04-11/286_RR220411A_906C_1837.bmp,286_RR220411A_906C_1837.bmp,Trajectories/2022-02-06/189_RR220206A_971C_2054-01.bmp,189_RR220206A_971C_2054-01.bmp,Twinned(2 x 1),not_apply,Jiangang,,2026-01-05T15:50:45.428709,236,291,Confident
Trajectories/2022-04-11/286_RR220411A_906C_1837.bmp,286_RR220411A_906C_1837.bmp,Trajectories/2022-02-06/189_RR220206A_971C_2054-01.bmp,189_RR220206A_971C_2054-01.bmp,HTR,not_apply,Jiangang,,2026-01-05T15:50:46.347822,236,291,Confident
Trajectories/2022-04-11/286_RR220411A_906C_1837.bmp,286_RR220411A_906C_1837.bmp,Trajectories/2022-02-06/189_RR220206A_971C_2054-01.bmp,189_RR220206A_971C_2054-01.bmp,(1 x 1),not_apply,Jiangang,,2026-01-05T15:50:47.352058,236,291,Confident
Trajectories/2022-04-11/286_RR220411A_906C_1837.bmp,286_RR220411A_906C_1837.bmp,Trajectories/2022-02-06/189_RR220206A_971C_2054-01.bmp,189_RR220206A_971C_2054-01.bmp,(√13 x √13),1,Jiangang,,2026-01-05T15:50:48.279817,236,291,Confident
Trajectories/2022-02-04/242_RR220204A_720C_1911.bmp,242_RR220204A_720C_1911.bmp,Trajectories/2022-02-04/029_RR220204A_808C_0135.bmp,029_RR220204A_808C_0135.bmp,(√13 x √13),tie,Jiangang,,2026-01-05T15:52:33.769721,309,298,Confident
Trajectories/2022-02-04/242_RR220204A_720C_1911.bmp,242_RR220204A_720C_1911.bmp,Trajectories/2022-02-04/029_RR220204A_808C_0135.bmp,029_RR220204A_808C_0135.bmp,(1 x 1),not_apply,Jiangang,,2026-01-05T15:52:34.903693,309,298,Confident
Trajectories/2022-02-04/242_RR220204A_720C_1911.bmp,242_RR220204A_720C_1911.bmp,Trajectories/2022-02-04/029_RR220204A_808C_0135.bmp,029_RR220204A_808C_0135.bmp,HTR,not_apply,Jiangang,,2026-01-05T15:52:36.151160,309,298,Confident
Trajectories/2022-02-04/242_RR220204A_720C_1911.bmp,242_RR220204A_720C_1911.bmp,Trajectories/2022-02-04/029_RR220204A_808C_0135.bmp,029_RR220204A_808C_0135.bmp,Twinned(2 x 1),tie,Jiangang,,2026-01-05T15:52:37.008933,309,298,Confident
Trajectories/2022-02-04/242_RR220204A_720C_1911.bmp,242_RR220204A_720C_1911.bmp,Trajectories/2022-02-04/029_RR220204A_808C_0135.bmp,029_RR220204A_808C_0135.bmp,c(6 x 2),not_apply,Jiangang,,2026-01-05T15:52:37.900160,309,298,Confident
Trajectories/2022-04-11/057_RR220411A_389C_1506-01.bmp,057_RR220411A_389C_1506-01.bmp,Trajectories/2022-02-04/324_RR220204A_913C_2047.bmp,324_RR220204A_913C_2047.bmp,HTR,not_apply,Jiangang,,2026-01-05T15:53:10.648889,308,311,Confident
Trajectories/2022-04-11/057_RR220411A_389C_1506-01.bmp,057_RR220411A_389C_1506-01.bmp,Trajectories/2022-02-04/324_RR220204A_913C_2047.bmp,324_RR220204A_913C_2047.bmp,c(6 x 2),not_apply,Jiangang,,2026-01-05T15:53:11.575309,308,311,Confident
Trajectories/2022-04-11/057_RR220411A_389C_1506-01.bmp,057_RR220411A_389C_1506-01.bmp,Trajectories/2022-02-04/324_RR220204A_913C_2047.bmp,324_RR220204A_913C_2047.bmp,(√13 x √13),2,Jiangang,,2026-01-05T15:53:12.475751,308,311,Confident
Trajectories/2022-04-11/057_RR220411A_389C_1506-01.bmp,057_RR220411A_389C_1506-01.bmp,Trajectories/2022-02-04/324_RR220204A_913C_2047.bmp,324_RR220204A_913C_2047.bmp,(1 x 1),1,Jiangang,,2026-01-05T15:53:13.346375,308,311,Confident
Trajectories/2022-04-11/057_RR220411A_389C_1506-01.bmp,057_RR220411A_389C_1506-01.bmp,Trajectories/2022-02-04/324_RR220204A_913C_2047.bmp,324_RR220204A_913C_2047.bmp,Twinned(2 x 1),2,Jiangang,,2026-01-05T15:53:14.291157,308,311,Confident
Trajectories/2022-02-06/199_RR220206A_940C_2106.bmp,199_RR220206A_940C_2106.bmp,Trajectories/2022-02-06/108_RR220206A_769C_1854.bmp,108_RR220206A_769C_1854.bmp,(√13 x √13),not_apply,HL,,2026-01-05T23:05:44.868186,249,264,Confident
Trajectories/2022-02-06/199_RR220206A_940C_2106.bmp,199_RR220206A_940C_2106.bmp,Trajectories/2022-02-06/108_RR220206A_769C_1854.bmp,108_RR220206A_769C_1854.bmp,HTR,1,HL,,2026-01-05T23:05:46.600107,249,264,Confident
Trajectories/2022-02-06/199_RR220206A_940C_2106.bmp,199_RR220206A_940C_2106.bmp,Trajectories/2022-02-06/108_RR220206A_769C_1854.bmp,108_RR220206A_769C_1854.bmp,Twinned(2 x 1),not_apply,HL,,2026-01-05T23:05:47.782478,249,264,Confident
Trajectories/2022-02-06/199_RR220206A_940C_2106.bmp,199_RR220206A_940C_2106.bmp,Trajectories/2022-02-06/108_RR220206A_769C_1854.bmp,108_RR220206A_769C_1854.bmp,(1 x 1),2,HL,,2026-01-05T23:05:49.051952,249,264,Confident
Trajectories/2022-02-06/199_RR220206A_940C_2106.bmp,199_RR220206A_940C_2106.bmp,Trajectories/2022-02-06/108_RR220206A_769C_1854.bmp,108_RR220206A_769C_1854.bmp,c(6 x 2),not_apply,HL,,2026-01-05T23:05:50.392354,249,264,Confident
Trajectories/2022-02-04/356_RR220204A_949C_2144.bmp,356_RR220204A_949C_2144.bmp,Trajectories/2022-02-04/266_RR220204A_783C_1938.bmp,266_RR220204A_783C_1938.bmp,Twinned(2 x 1),tie,HL,,2026-01-05T23:06:20.933551,305,322,Confident
Trajectories/2022-02-04/356_RR220204A_949C_2144.bmp,356_RR220204A_949C_2144.bmp,Trajectories/2022-02-04/266_RR220204A_783C_1938.bmp,266_RR220204A_783C_1938.bmp,(√13 x √13),tie,HL,,2026-01-05T23:06:22.247845,305,322,Confident
Trajectories/2022-02-04/356_RR220204A_949C_2144.bmp,356_RR220204A_949C_2144.bmp,Trajectories/2022-02-04/266_RR220204A_783C_1938.bmp,266_RR220204A_783C_1938.bmp,(1 x 1),tie,HL,,2026-01-05T23:06:23.437401,305,322,Confident
Trajectories/2022-02-04/356_RR220204A_949C_2144.bmp,356_RR220204A_949C_2144.bmp,Trajectories/2022-02-04/266_RR220204A_783C_1938.bmp,266_RR220204A_783C_1938.bmp,c(6 x 2),not_apply,HL,,2026-01-05T23:06:24.468567,305,322,Confident
Trajectories/2022-02-04/356_RR220204A_949C_2144.bmp,356_RR220204A_949C_2144.bmp,Trajectories/2022-02-04/266_RR220204A_783C_1938.bmp,266_RR220204A_783C_1938.bmp,HTR,not_apply,HL,,2026-01-05T23:06:25.576622,305,322,Confident
Trajectories/2022-02-06/216_RR220206A_837C_2124.bmp,216_RR220206A_837C_2124.bmp,Trajectories/2022-04-11/419_RR220411A_415C_1957.bmp,419_RR220411A_415C_1957.bmp,c(6 x 2),2,HL,,2026-01-05T23:06:40.128559,232,258,Confident
Trajectories/2022-02-06/216_RR220206A_837C_2124.bmp,216_RR220206A_837C_2124.bmp,Trajectories/2022-04-11/419_RR220411A_415C_1957.bmp,419_RR220411A_415C_1957.bmp,(1 x 1),2,HL,,2026-01-05T23:06:41.324664,232,258,Confident
Trajectories/2022-02-06/216_RR220206A_837C_2124.bmp,216_RR220206A_837C_2124.bmp,Trajectories/2022-04-11/419_RR220411A_415C_1957.bmp,419_RR220411A_415C_1957.bmp,(√13 x √13),2,HL,,2026-01-05T23:06:42.489912,232,258,Confident
Trajectories/2022-02-06/216_RR220206A_837C_2124.bmp,216_RR220206A_837C_2124.bmp,Trajectories/2022-04-11/419_RR220411A_415C_1957.bmp,419_RR220411A_415C_1957.bmp,HTR,1,HL,,2026-01-05T23:06:43.545947,232,258,Confident
Trajectories/2022-02-06/216_RR220206A_837C_2124.bmp,216_RR220206A_837C_2124.bmp,Trajectories/2022-04-11/419_RR220411A_415C_1957.bmp,419_RR220411A_415C_1957.bmp,Twinned(2 x 1),not_apply,HL,,2026-01-05T23:06:44.506155,232,258,Confident
Trajectories/2022-02-04/196_RR220204A_611C_1834.bmp,196_RR220204A_611C_1834.bmp,Trajectories/2022-04-11/147_RR220411A_671C_1617.bmp,147_RR220411A_671C_1617.bmp,Twinned(2 x 1),1,HL,,2026-01-05T23:20:08.617063,250,215,Confident
Trajectories/2022-02-04/196_RR220204A_611C_1834.bmp,196_RR220204A_611C_1834.bmp,Trajectories/2022-04-11/147_RR220411A_671C_1617.bmp,147_RR220411A_671C_1617.bmp,(√13 x √13),1,HL,,2026-01-05T23:20:10.006098,250,215,Confident
Trajectories/2022-02-04/196_RR220204A_611C_1834.bmp,196_RR220204A_611C_1834.bmp,Trajectories/2022-04-11/147_RR220411A_671C_1617.bmp,147_RR220411A_671C_1617.bmp,c(6 x 2),not_apply,HL,,2026-01-05T23:20:11.190693,250,215,Confident
Trajectories/2022-02-04/196_RR220204A_611C_1834.bmp,196_RR220204A_611C_1834.bmp,Trajectories/2022-04-11/147_RR220411A_671C_1617.bmp,147_RR220411A_671C_1617.bmp,HTR,not_apply,HL,,2026-01-05T23:20:12.458863,250,215,Confident
Trajectories/2022-02-04/196_RR220204A_611C_1834.bmp,196_RR220204A_611C_1834.bmp,Trajectories/2022-04-11/147_RR220411A_671C_1617.bmp,147_RR220411A_671C_1617.bmp,(1 x 1),2,HL,,2026-01-05T23:20:13.614487,250,215,Confident
Trajectories/2022-04-11/131_RR220411A_606C_1603.bmp,131_RR220411A_606C_1603.bmp,Trajectories/2022-04-11/063_RR220411A_402C_1510.bmp,063_RR220411A_402C_1510.bmp,(√13 x √13),not_apply,HL,,2026-01-05T23:20:38.660365,311,288,Confident
Trajectories/2022-04-11/131_RR220411A_606C_1603.bmp,131_RR220411A_606C_1603.bmp,Trajectories/2022-04-11/063_RR220411A_402C_1510.bmp,063_RR220411A_402C_1510.bmp,HTR,not_apply,HL,,2026-01-05T23:20:39.755345,311,288,Confident
Trajectories/2022-04-11/131_RR220411A_606C_1603.bmp,131_RR220411A_606C_1603.bmp,Trajectories/2022-04-11/063_RR220411A_402C_1510.bmp,063_RR220411A_402C_1510.bmp,(1 x 1),tie,HL,,2026-01-05T23:20:40.921171,311,288,Confident
Trajectories/2022-04-11/131_RR220411A_606C_1603.bmp,131_RR220411A_606C_1603.bmp,Trajectories/2022-04-11/063_RR220411A_402C_1510.bmp,063_RR220411A_402C_1510.bmp,c(6 x 2),not_apply,HL,,2026-01-05T23:20:42.095261,311,288,Confident
Trajectories/2022-04-11/131_RR220411A_606C_1603.bmp,131_RR220411A_606C_1603.bmp,Trajectories/2022-04-11/063_RR220411A_402C_1510.bmp,063_RR220411A_402C_1510.bmp,Twinned(2 x 1),not_apply,HL,,2026-01-05T23:20:43.179562,311,288,Confident
Trajectories/2022-02-04/281_RR220204A_806C_2000.bmp,281_RR220204A_806C_2000.bmp,Trajectories/2022-04-11/322_RR220411A_818C_1902.bmp,322_RR220411A_818C_1902.bmp,(1 x 1),1,HL,,2026-01-05T23:22:03.879208,330,255,Confident
Trajectories/2022-02-04/281_RR220204A_806C_2000.bmp,281_RR220204A_806C_2000.bmp,Trajectories/2022-04-11/322_RR220411A_818C_1902.bmp,322_RR220411A_818C_1902.bmp,Twinned(2 x 1),1,HL,,2026-01-05T23:22:05.075681,330,255,Confident
Trajectories/2022-02-04/281_RR220204A_806C_2000.bmp,281_RR220204A_806C_2000.bmp,Trajectories/2022-04-11/322_RR220411A_818C_1902.bmp,322_RR220411A_818C_1902.bmp,HTR,not_apply,HL,,2026-01-05T23:22:06.302925,330,255,Confident
Trajectories/2022-02-04/281_RR220204A_806C_2000.bmp,281_RR220204A_806C_2000.bmp,Trajectories/2022-04-11/322_RR220411A_818C_1902.bmp,322_RR220411A_818C_1902.bmp,(√13 x √13),2,HL,,2026-01-05T23:22:07.203074,330,255,Confident
Trajectories/2022-02-04/281_RR220204A_806C_2000.bmp,281_RR220204A_806C_2000.bmp,Trajectories/2022-04-11/322_RR220411A_818C_1902.bmp,322_RR220411A_818C_1902.bmp,c(6 x 2),2,HL,,2026-01-05T23:22:08.233881,330,255,Confident
Trajectories/2022-02-06/265_RR220206A_498C_2232.bmp,265_RR220206A_498C_2232.bmp,Trajectories/2022-04-11/288_RR220411A_904C_1837.bmp,288_RR220411A_904C_1837.bmp,(√13 x √13),2,HL,,2026-01-05T23:22:23.945977,299,232,Confident
Trajectories/2022-02-06/265_RR220206A_498C_2232.bmp,265_RR220206A_498C_2232.bmp,Trajectories/2022-04-11/288_RR220411A_904C_1837.bmp,288_RR220411A_904C_1837.bmp,(1 x 1),2,HL,,2026-01-05T23:22:25.089058,299,232,Confident
Trajectories/2022-02-06/265_RR220206A_498C_2232.bmp,265_RR220206A_498C_2232.bmp,Trajectories/2022-04-11/288_RR220411A_904C_1837.bmp,288_RR220411A_904C_1837.bmp,c(6 x 2),2,HL,,2026-01-05T23:22:26.035621,299,232,Confident
Trajectories/2022-02-06/265_RR220206A_498C_2232.bmp,265_RR220206A_498C_2232.bmp,Trajectories/2022-04-11/288_RR220411A_904C_1837.bmp,288_RR220411A_904C_1837.bmp,Twinned(2 x 1),not_apply,HL,,2026-01-05T23:22:27.015623,299,232,Confident
Trajectories/2022-02-06/265_RR220206A_498C_2232.bmp,265_RR220206A_498C_2232.bmp,Trajectories/2022-04-11/288_RR220411A_904C_1837.bmp,288_RR220411A_904C_1837.bmp,HTR,1,HL,,2026-01-05T23:22:27.992315,299,232,Confident
Trajectories/2022-04-11/306_RR220411A_857C_1850.bmp,306_RR220411A_857C_1850.bmp,Trajectories/2022-04-11/013_RR220411A_223C_1424.bmp,013_RR220411A_223C_1424.bmp,c(6 x 2),1,HL,,2026-01-05T23:22:43.122345,257,276,Confident
Trajectories/2022-04-11/306_RR220411A_857C_1850.bmp,306_RR220411A_857C_1850.bmp,Trajectories/2022-04-11/013_RR220411A_223C_1424.bmp,013_RR220411A_223C_1424.bmp,Twinned(2 x 1),not_apply,HL,,2026-01-05T23:22:44.293891,257,276,Confident
Trajectories/2022-04-11/306_RR220411A_857C_1850.bmp,306_RR220411A_857C_1850.bmp,Trajectories/2022-04-11/013_RR220411A_223C_1424.bmp,013_RR220411A_223C_1424.bmp,HTR,not_apply,HL,,2026-01-05T23:22:45.367056,257,276,Confident
Trajectories/2022-04-11/306_RR220411A_857C_1850.bmp,306_RR220411A_857C_1850.bmp,Trajectories/2022-04-11/013_RR220411A_223C_1424.bmp,013_RR220411A_223C_1424.bmp,(1 x 1),2,HL,,2026-01-05T23:22:46.415755,257,276,Confident
Trajectories/2022-04-11/306_RR220411A_857C_1850.bmp,306_RR220411A_857C_1850.bmp,Trajectories/2022-04-11/013_RR220411A_223C_1424.bmp,013_RR220411A_223C_1424.bmp,(√13 x √13),1,HL,,2026-01-05T23:22:47.289606,257,276,Confident
Trajectories/2022-02-04/213_RR220204A_668C_1847.bmp,213_RR220204A_668C_1847.bmp,Trajectories/2022-02-04/209_RR220204A_637C_1845.bmp,209_RR220204A_637C_1845.bmp,(√13 x √13),tie,HL,,2026-01-05T23:22:59.774545,274,280,Confident
Trajectories/2022-02-04/213_RR220204A_668C_1847.bmp,213_RR220204A_668C_1847.bmp,Trajectories/2022-02-04/209_RR220204A_637C_1845.bmp,209_RR220204A_637C_1845.bmp,HTR,not_apply,HL,,2026-01-05T23:23:00.787403,274,280,Confident
Trajectories/2022-02-04/213_RR220204A_668C_1847.bmp,213_RR220204A_668C_1847.bmp,Trajectories/2022-02-04/209_RR220204A_637C_1845.bmp,209_RR220204A_637C_1845.bmp,(1 x 1),tie,HL,,2026-01-05T23:23:01.841026,274,280,Confident
Trajectories/2022-02-04/213_RR220204A_668C_1847.bmp,213_RR220204A_668C_1847.bmp,Trajectories/2022-02-04/209_RR220204A_637C_1845.bmp,209_RR220204A_637C_1845.bmp,c(6 x 2),not_apply,HL,,2026-01-05T23:23:02.901547,274,280,Confident
Trajectories/2022-02-04/213_RR220204A_668C_1847.bmp,213_RR220204A_668C_1847.bmp,Trajectories/2022-02-04/209_RR220204A_637C_1845.bmp,209_RR220204A_637C_1845.bmp,Twinned(2 x 1),tie,HL,,2026-01-05T23:23:04.075496,274,280,Confident
Trajectories/2022-02-04/126_RR220204A_443C_1750.bmp,126_RR220204A_443C_1750.bmp,Trajectories/2022-04-11/213_RR220411A_857C_1715.bmp,213_RR220411A_857C_1715.bmp,Twinned(2 x 1),1,HL,,2026-01-05T23:23:22.958120,257,270,Confident
Trajectories/2022-02-04/126_RR220204A_443C_1750.bmp,126_RR220204A_443C_1750.bmp,Trajectories/2022-04-11/213_RR220411A_857C_1715.bmp,213_RR220411A_857C_1715.bmp,(√13 x √13),1,HL,,2026-01-05T23:23:23.972572,257,270,Confident
Trajectories/2022-02-04/126_RR220204A_443C_1750.bmp,126_RR220204A_443C_1750.bmp,Trajectories/2022-04-11/213_RR220411A_857C_1715.bmp,213_RR220411A_857C_1715.bmp,HTR,2,HL,,2026-01-05T23:23:24.915946,257,270,Confident
Trajectories/2022-02-04/126_RR220204A_443C_1750.bmp,126_RR220204A_443C_1750.bmp,Trajectories/2022-04-11/213_RR220411A_857C_1715.bmp,213_RR220411A_857C_1715.bmp,c(6 x 2),not_apply,HL,,2026-01-05T23:23:25.959887,257,270,Confident
Trajectories/2022-02-04/126_RR220204A_443C_1750.bmp,126_RR220204A_443C_1750.bmp,Trajectories/2022-04-11/213_RR220411A_857C_1715.bmp,213_RR220411A_857C_1715.bmp,(1 x 1),1,HL,,2026-01-05T23:23:26.888675,257,270,Confident
Trajectories/2022-02-06/250_RR220206A_621C_2212.bmp,250_RR220206A_621C_2212.bmp,Trajectories/2022-02-04/317_RR220204A_935C_2033.bmp,317_RR220204A_935C_2033.bmp,HTR,1,HL,,2026-01-05T23:29:55.873505,276,400,Confident
Trajectories/2022-02-06/250_RR220206A_621C_2212.bmp,250_RR220206A_621C_2212.bmp,Trajectories/2022-02-04/317_RR220204A_935C_2033.bmp,317_RR220204A_935C_2033.bmp,(1 x 1),1,HL,,2026-01-05T23:29:57.123074,276,400,Confident
Trajectories/2022-02-06/250_RR220206A_621C_2212.bmp,250_RR220206A_621C_2212.bmp,Trajectories/2022-02-04/317_RR220204A_935C_2033.bmp,317_RR220204A_935C_2033.bmp,(√13 x √13),2,HL,,2026-01-05T23:29:58.104495,276,400,Confident
Trajectories/2022-02-06/250_RR220206A_621C_2212.bmp,250_RR220206A_621C_2212.bmp,Trajectories/2022-02-04/317_RR220204A_935C_2033.bmp,317_RR220204A_935C_2033.bmp,Twinned(2 x 1),2,HL,,2026-01-05T23:29:59.115569,276,400,Confident
Trajectories/2022-02-06/250_RR220206A_621C_2212.bmp,250_RR220206A_621C_2212.bmp,Trajectories/2022-02-04/317_RR220204A_935C_2033.bmp,317_RR220204A_935C_2033.bmp,c(6 x 2),not_apply,HL,,2026-01-05T23:30:00.072934,276,400,Confident
Trajectories/2022-04-11/064_RR220411A_413C_1511.bmp,064_RR220411A_413C_1511.bmp,Trajectories/2022-04-11/138_RR220411A_635C_1610.bmp,138_RR220411A_635C_1610.bmp,(1 x 1),tie,HL,,2026-01-05T23:30:07.022316,370,279,Confident
Trajectories/2022-04-11/064_RR220411A_413C_1511.bmp,064_RR220411A_413C_1511.bmp,Trajectories/2022-04-11/138_RR220411A_635C_1610.bmp,138_RR220411A_635C_1610.bmp,Twinned(2 x 1),not_apply,HL,,2026-01-05T23:30:07.989355,370,279,Confident
Trajectories/2022-04-11/064_RR220411A_413C_1511.bmp,064_RR220411A_413C_1511.bmp,Trajectories/2022-04-11/138_RR220411A_635C_1610.bmp,138_RR220411A_635C_1610.bmp,c(6 x 2),not_apply,HL,,2026-01-05T23:30:08.825075,370,279,Confident
Trajectories/2022-04-11/064_RR220411A_413C_1511.bmp,064_RR220411A_413C_1511.bmp,Trajectories/2022-04-11/138_RR220411A_635C_1610.bmp,138_RR220411A_635C_1610.bmp,(√13 x √13),not_apply,HL,,2026-01-05T23:30:09.969631,370,279,Confident
Trajectories/2022-04-11/064_RR220411A_413C_1511.bmp,064_RR220411A_413C_1511.bmp,Trajectories/2022-04-11/138_RR220411A_635C_1610.bmp,138_RR220411A_635C_1610.bmp,HTR,not_apply,HL,,2026-01-05T23:30:10.952174,370,279,Confident
Trajectories/2022-04-11/439_RR220411A_330C_2005.bmp,439_RR220411A_330C_2005.bmp,Trajectories/2022-02-04/003_RR220204A_932C_0017.bmp,003_RR220204A_932C_0017.bmp,c(6 x 2),1,HL,,2026-01-06T21:40:19.381737,258,257,Confident
Trajectories/2022-04-11/439_RR220411A_330C_2005.bmp,439_RR220411A_330C_2005.bmp,Trajectories/2022-02-04/003_RR220204A_932C_0017.bmp,003_RR220204A_932C_0017.bmp,(√13 x √13),1,HL,,2026-01-06T21:40:20.591934,258,257,Confident
Trajectories/2022-04-11/439_RR220411A_330C_2005.bmp,439_RR220411A_330C_2005.bmp,Trajectories/2022-02-04/003_RR220204A_932C_0017.bmp,003_RR220204A_932C_0017.bmp,Twinned(2 x 1),2,HL,,2026-01-06T21:40:21.488602,258,257,Confident
Trajectories/2022-04-11/439_RR220411A_330C_2005.bmp,439_RR220411A_330C_2005.bmp,Trajectories/2022-02-04/003_RR220204A_932C_0017.bmp,003_RR220204A_932C_0017.bmp,HTR,not_apply,HL,,2026-01-06T21:40:22.350885,258,257,Confident
Trajectories/2022-04-11/439_RR220411A_330C_2005.bmp,439_RR220411A_330C_2005.bmp,Trajectories/2022-02-04/003_RR220204A_932C_0017.bmp,003_RR220204A_932C_0017.bmp,(1 x 1),2,HL,,2026-01-06T21:40:23.086599,258,257,Confident
Trajectories/2022-04-11/001_RR220411A_180C_1417-01.bmp,001_RR220411A_180C_1417-01.bmp,Trajectories/2022-04-11/321_RR220411A_823C_1901.bmp,321_RR220411A_823C_1901.bmp,(1 x 1),1,HL,,2026-01-06T21:40:33.373222,280,280,Confident
Trajectories/2022-04-11/001_RR220411A_180C_1417-01.bmp,001_RR220411A_180C_1417-01.bmp,Trajectories/2022-04-11/321_RR220411A_823C_1901.bmp,321_RR220411A_823C_1901.bmp,Twinned(2 x 1),not_apply,HL,,2026-01-06T21:40:34.275568,280,280,Confident
Trajectories/2022-04-11/001_RR220411A_180C_1417-01.bmp,001_RR220411A_180C_1417-01.bmp,Trajectories/2022-04-11/321_RR220411A_823C_1901.bmp,321_RR220411A_823C_1901.bmp,c(6 x 2),2,HL,,2026-01-06T21:40:35.035904,280,280,Confident
Trajectories/2022-04-11/001_RR220411A_180C_1417-01.bmp,001_RR220411A_180C_1417-01.bmp,Trajectories/2022-04-11/321_RR220411A_823C_1901.bmp,321_RR220411A_823C_1901.bmp,(√13 x √13),2,HL,,2026-01-06T21:40:35.894092,280,280,Confident
Trajectories/2022-04-11/001_RR220411A_180C_1417-01.bmp,001_RR220411A_180C_1417-01.bmp,Trajectories/2022-04-11/321_RR220411A_823C_1901.bmp,321_RR220411A_823C_1901.bmp,HTR,not_apply,HL,,2026-01-06T21:40:36.603092,280,280,Confident
Trajectories/2022-02-06/137_RR220206A_982C_1937.bmp,137_RR220206A_982C_1937.bmp,Trajectories/2022-04-11/191_RR220411A_821C_1704.bmp,191_RR220411A_821C_1704.bmp,c(6 x 2),1,HL,,2026-01-06T21:41:32.149785,252,252,Confident
Trajectories/2022-02-06/137_RR220206A_982C_1937.bmp,137_RR220206A_982C_1937.bmp,Trajectories/2022-04-11/191_RR220411A_821C_1704.bmp,191_RR220411A_821C_1704.bmp,(1 x 1),1,HL,,2026-01-06T21:41:33.206052,252,252,Confident
Trajectories/2022-02-06/137_RR220206A_982C_1937.bmp,137_RR220206A_982C_1937.bmp,Trajectories/2022-04-11/191_RR220411A_821C_1704.bmp,191_RR220411A_821C_1704.bmp,Twinned(2 x 1),not_apply,HL,,2026-01-06T21:41:34.001989,252,252,Confident
Trajectories/2022-02-06/137_RR220206A_982C_1937.bmp,137_RR220206A_982C_1937.bmp,Trajectories/2022-04-11/191_RR220411A_821C_1704.bmp,191_RR220411A_821C_1704.bmp,HTR,not_apply,HL,,2026-01-06T21:41:34.801341,252,252,Confident
Trajectories/2022-02-06/137_RR220206A_982C_1937.bmp,137_RR220206A_982C_1937.bmp,Trajectories/2022-04-11/191_RR220411A_821C_1704.bmp,191_RR220411A_821C_1704.bmp,(√13 x √13),not_apply,HL,,2026-01-06T21:41:35.548672,252,252,Confident
Trajectories/2022-04-11/330_RR220411A_762C_1910.bmp,330_RR220411A_762C_1910.bmp,Trajectories/2022-02-04/124_RR220204A_444C_1748.bmp,124_RR220204A_444C_1748.bmp,Twinned(2 x 1),2,HL,,2026-01-06T21:45:48.881523,286,284,Confident
Trajectories/2022-04-11/330_RR220411A_762C_1910.bmp,330_RR220411A_762C_1910.bmp,Trajectories/2022-02-04/124_RR220204A_444C_1748.bmp,124_RR220204A_444C_1748.bmp,HTR,not_apply,HL,,2026-01-06T21:45:49.968279,286,284,Confident
Trajectories/2022-04-11/330_RR220411A_762C_1910.bmp,330_RR220411A_762C_1910.bmp,Trajectories/2022-02-04/124_RR220204A_444C_1748.bmp,124_RR220204A_444C_1748.bmp,(√13 x √13),1,HL,,2026-01-06T21:45:50.860061,286,284,Confident
Trajectories/2022-04-11/330_RR220411A_762C_1910.bmp,330_RR220411A_762C_1910.bmp,Trajectories/2022-02-04/124_RR220204A_444C_1748.bmp,124_RR220204A_444C_1748.bmp,c(6 x 2),1,HL,,2026-01-06T21:45:51.625776,286,284,Confident
Trajectories/2022-04-11/330_RR220411A_762C_1910.bmp,330_RR220411A_762C_1910.bmp,Trajectories/2022-02-04/124_RR220204A_444C_1748.bmp,124_RR220204A_444C_1748.bmp,(1 x 1),2,HL,,2026-01-06T21:45:52.380055,286,284,Confident
Trajectories/2022-04-11/069_RR220411A_428C_1515.bmp,069_RR220411A_428C_1515.bmp,Trajectories/2022-04-11/231_RR220411A_882C_1729.bmp,231_RR220411A_882C_1729.bmp,c(6 x 2),2,HL,,2026-01-06T21:46:10.429884,275,269,Confident
Trajectories/2022-04-11/069_RR220411A_428C_1515.bmp,069_RR220411A_428C_1515.bmp,Trajectories/2022-04-11/231_RR220411A_882C_1729.bmp,231_RR220411A_882C_1729.bmp,(1 x 1),1,HL,,2026-01-06T21:46:11.271237,275,269,Confident
Trajectories/2022-04-11/069_RR220411A_428C_1515.bmp,069_RR220411A_428C_1515.bmp,Trajectories/2022-04-11/231_RR220411A_882C_1729.bmp,231_RR220411A_882C_1729.bmp,HTR,not_apply,HL,,2026-01-06T21:46:12.010319,275,269,Confident
Trajectories/2022-04-11/069_RR220411A_428C_1515.bmp,069_RR220411A_428C_1515.bmp,Trajectories/2022-04-11/231_RR220411A_882C_1729.bmp,231_RR220411A_882C_1729.bmp,Twinned(2 x 1),not_apply,HL,,2026-01-06T21:46:12.762298,275,269,Confident
Trajectories/2022-04-11/069_RR220411A_428C_1515.bmp,069_RR220411A_428C_1515.bmp,Trajectories/2022-04-11/231_RR220411A_882C_1729.bmp,231_RR220411A_882C_1729.bmp,(√13 x √13),2,HL,,2026-01-06T21:46:13.440172,275,269,Confident
Trajectories/2022-02-04/335_RR220204A_940C_2102.bmp,335_RR220204A_940C_2102.bmp,Trajectories/2022-02-04/305_RR220204A_915C_2023.bmp,305_RR220204A_915C_2023.bmp,(1 x 1),tie,HL,,2026-01-06T21:46:37.691550,286,400,Confident
Trajectories/2022-02-04/335_RR220204A_940C_2102.bmp,335_RR220204A_940C_2102.bmp,Trajectories/2022-02-04/305_RR220204A_915C_2023.bmp,305_RR220204A_915C_2023.bmp,c(6 x 2),not_apply,HL,,2026-01-06T21:46:38.462089,286,400,Confident
Trajectories/2022-02-04/335_RR220204A_940C_2102.bmp,335_RR220204A_940C_2102.bmp,Trajectories/2022-02-04/305_RR220204A_915C_2023.bmp,305_RR220204A_915C_2023.bmp,Twinned(2 x 1),tie,HL,,2026-01-06T21:46:39.186417,286,400,Confident
Trajectories/2022-02-04/335_RR220204A_940C_2102.bmp,335_RR220204A_940C_2102.bmp,Trajectories/2022-02-04/305_RR220204A_915C_2023.bmp,305_RR220204A_915C_2023.bmp,HTR,not_apply,HL,,2026-01-06T21:46:40.027616,286,400,Confident
Trajectories/2022-02-04/335_RR220204A_940C_2102.bmp,335_RR220204A_940C_2102.bmp,Trajectories/2022-02-04/305_RR220204A_915C_2023.bmp,305_RR220204A_915C_2023.bmp,(√13 x √13),tie,HL,,2026-01-06T21:46:40.783501,286,400,Confident
Trajectories/2022-02-04/037_RR220204A_579C_0146.bmp,037_RR220204A_579C_0146.bmp,Trajectories/2022-02-06/265_RR220206A_498C_2232.bmp,265_RR220206A_498C_2232.bmp,(1 x 1),2,HL,,2026-01-06T21:46:51.292847,275,293,Confident
Trajectories/2022-02-04/037_RR220204A_579C_0146.bmp,037_RR220204A_579C_0146.bmp,Trajectories/2022-02-06/265_RR220206A_498C_2232.bmp,265_RR220206A_498C_2232.bmp,HTR,2,HL,,2026-01-06T21:46:52.065179,275,293,Confident
Trajectories/2022-02-04/037_RR220204A_579C_0146.bmp,037_RR220204A_579C_0146.bmp,Trajectories/2022-02-06/265_RR220206A_498C_2232.bmp,265_RR220206A_498C_2232.bmp,(√13 x √13),1,HL,,2026-01-06T21:46:52.819547,275,293,Confident
Trajectories/2022-02-04/037_RR220204A_579C_0146.bmp,037_RR220204A_579C_0146.bmp,Trajectories/2022-02-06/265_RR220206A_498C_2232.bmp,265_RR220206A_498C_2232.bmp,Twinned(2 x 1),1,HL,,2026-01-06T21:46:53.488815,275,293,Confident
Trajectories/2022-02-04/037_RR220204A_579C_0146.bmp,037_RR220204A_579C_0146.bmp,Trajectories/2022-02-06/265_RR220206A_498C_2232.bmp,265_RR220206A_498C_2232.bmp,c(6 x 2),not_apply,HL,,2026-01-06T21:46:54.195729,275,293,Confident
Trajectories/2022-02-06/048_RR220206A_175C_1736.bmp,048_RR220206A_175C_1736.bmp,Trajectories/2022-04-11/189_RR220411A_822C_1703.bmp,189_RR220411A_822C_1703.bmp,HTR,not_apply,HL,,2026-01-06T21:47:08.538700,324,287,Confident
Trajectories/2022-02-06/048_RR220206A_175C_1736.bmp,048_RR220206A_175C_1736.bmp,Trajectories/2022-04-11/189_RR220411A_822C_1703.bmp,189_RR220411A_822C_1703.bmp,Twinned(2 x 1),not_apply,HL,,2026-01-06T21:47:09.296451,324,287,Confident
Trajectories/2022-02-06/048_RR220206A_175C_1736.bmp,048_RR220206A_175C_1736.bmp,Trajectories/2022-04-11/189_RR220411A_822C_1703.bmp,189_RR220411A_822C_1703.bmp,(1 x 1),tie,HL,,2026-01-06T21:47:10.047898,324,287,Confident
Trajectories/2022-02-06/048_RR220206A_175C_1736.bmp,048_RR220206A_175C_1736.bmp,Trajectories/2022-04-11/189_RR220411A_822C_1703.bmp,189_RR220411A_822C_1703.bmp,(√13 x √13),not_apply,HL,,2026-01-06T21:47:10.790309,324,287,Confident
Trajectories/2022-02-06/048_RR220206A_175C_1736.bmp,048_RR220206A_175C_1736.bmp,Trajectories/2022-04-11/189_RR220411A_822C_1703.bmp,189_RR220411A_822C_1703.bmp,c(6 x 2),not_apply,HL,,2026-01-06T21:47:11.586590,324,287,Confident
Trajectories/2022-04-11/238_RR220411A_905C_1736.bmp,238_RR220411A_905C_1736.bmp,Trajectories/2022-04-11/319_RR220411A_828C_1900.bmp,319_RR220411A_828C_1900.bmp,Twinned(2 x 1),not_apply,HL,,2026-01-06T21:49:26.146943,304,275,Confident
Trajectories/2022-04-11/238_RR220411A_905C_1736.bmp,238_RR220411A_905C_1736.bmp,Trajectories/2022-04-11/319_RR220411A_828C_1900.bmp,319_RR220411A_828C_1900.bmp,c(6 x 2),2,HL,,2026-01-06T21:49:26.884725,304,275,Confident
Trajectories/2022-04-11/238_RR220411A_905C_1736.bmp,238_RR220411A_905C_1736.bmp,Trajectories/2022-04-11/319_RR220411A_828C_1900.bmp,319_RR220411A_828C_1900.bmp,(√13 x √13),2,HL,,2026-01-06T21:49:27.633243,304,275,Confident
Trajectories/2022-04-11/238_RR220411A_905C_1736.bmp,238_RR220411A_905C_1736.bmp,Trajectories/2022-04-11/319_RR220411A_828C_1900.bmp,319_RR220411A_828C_1900.bmp,HTR,not_apply,HL,,2026-01-06T21:49:28.456199,304,275,Confident
Trajectories/2022-04-11/238_RR220411A_905C_1736.bmp,238_RR220411A_905C_1736.bmp,Trajectories/2022-04-11/319_RR220411A_828C_1900.bmp,319_RR220411A_828C_1900.bmp,(1 x 1),2,HL,,2026-01-06T21:49:29.235097,304,275,Confident
Trajectories/2022-04-11/267_RR220411A_953C_1800.bmp,267_RR220411A_953C_1800.bmp,Trajectories/2022-04-11/271_RR220411A_951C_1811.bmp,271_RR220411A_951C_1811.bmp,(√13 x √13),tie,HL,,2026-01-06T21:50:10.897096,303,293,Confident
Trajectories/2022-04-11/267_RR220411A_953C_1800.bmp,267_RR220411A_953C_1800.bmp,Trajectories/2022-04-11/271_RR220411A_951C_1811.bmp,271_RR220411A_951C_1811.bmp,Twinned(2 x 1),not_apply,HL,,2026-01-06T21:50:11.763434,303,293,Confident
Trajectories/2022-04-11/267_RR220411A_953C_1800.bmp,267_RR220411A_953C_1800.bmp,Trajectories/2022-04-11/271_RR220411A_951C_1811.bmp,271_RR220411A_951C_1811.bmp,c(6 x 2),tie,HL,,2026-01-06T21:50:12.689583,303,293,Confident
Trajectories/2022-04-11/267_RR220411A_953C_1800.bmp,267_RR220411A_953C_1800.bmp,Trajectories/2022-04-11/271_RR220411A_951C_1811.bmp,271_RR220411A_951C_1811.bmp,HTR,not_apply,HL,,2026-01-06T21:50:13.592211,303,293,Confident
Trajectories/2022-04-11/267_RR220411A_953C_1800.bmp,267_RR220411A_953C_1800.bmp,Trajectories/2022-04-11/271_RR220411A_951C_1811.bmp,271_RR220411A_951C_1811.bmp,(1 x 1),tie,HL,,2026-01-06T21:50:14.498986,303,293,Confident
Trajectories/2022-04-11/225_RR220411A_873C_1724.bmp,225_RR220411A_873C_1724.bmp,Trajectories/2022-02-04/021_RR220204A_981C_0126-03.bmp,021_RR220204A_981C_0126-03.bmp,c(6 x 2),1,HL,,2026-01-06T21:50:38.039277,291,279,Confident
Trajectories/2022-04-11/225_RR220411A_873C_1724.bmp,225_RR220411A_873C_1724.bmp,Trajectories/2022-02-04/021_RR220204A_981C_0126-03.bmp,021_RR220204A_981C_0126-03.bmp,Twinned(2 x 1),2,HL,,2026-01-06T21:50:39.027234,291,279,Confident
Trajectories/2022-04-11/225_RR220411A_873C_1724.bmp,225_RR220411A_873C_1724.bmp,Trajectories/2022-02-04/021_RR220204A_981C_0126-03.bmp,021_RR220204A_981C_0126-03.bmp,(1 x 1),2,HL,,2026-01-06T21:50:39.948581,291,279,Confident
Trajectories/2022-04-11/225_RR220411A_873C_1724.bmp,225_RR220411A_873C_1724.bmp,Trajectories/2022-02-04/021_RR220204A_981C_0126-03.bmp,021_RR220204A_981C_0126-03.bmp,(√13 x √13),2,HL,,2026-01-06T21:50:40.883625,291,279,Confident
Trajectories/2022-04-11/225_RR220411A_873C_1724.bmp,225_RR220411A_873C_1724.bmp,Trajectories/2022-02-04/021_RR220204A_981C_0126-03.bmp,021_RR220204A_981C_0126-03.bmp,HTR,1,HL,,2026-01-06T21:50:41.743592,291,279,Confident
Trajectories/2022-02-06/241_RR220206A_692C_2157.bmp,241_RR220206A_692C_2157.bmp,Trajectories/2022-04-11/201_RR220411A_843C_1711-01.bmp,201_RR220411A_843C_1711-01.bmp,Twinned(2 x 1),not_apply,HL,,2026-01-06T21:51:01.638435,312,308,Confident
Trajectories/2022-02-06/241_RR220206A_692C_2157.bmp,241_RR220206A_692C_2157.bmp,Trajectories/2022-04-11/201_RR220411A_843C_1711-01.bmp,201_RR220411A_843C_1711-01.bmp,(1 x 1),1,HL,,2026-01-06T21:51:02.759982,312,308,Confident
Trajectories/2022-02-06/241_RR220206A_692C_2157.bmp,241_RR220206A_692C_2157.bmp,Trajectories/2022-04-11/201_RR220411A_843C_1711-01.bmp,201_RR220411A_843C_1711-01.bmp,(√13 x √13),2,HL,,2026-01-06T21:51:03.653875,312,308,Confident
Trajectories/2022-02-06/241_RR220206A_692C_2157.bmp,241_RR220206A_692C_2157.bmp,Trajectories/2022-04-11/201_RR220411A_843C_1711-01.bmp,201_RR220411A_843C_1711-01.bmp,HTR,1,HL,,2026-01-06T21:51:04.502073,312,308,Confident
Trajectories/2022-02-06/241_RR220206A_692C_2157.bmp,241_RR220206A_692C_2157.bmp,Trajectories/2022-04-11/201_RR220411A_843C_1711-01.bmp,201_RR220411A_843C_1711-01.bmp,c(6 x 2),not_apply,HL,,2026-01-06T21:51:05.408432,312,308,Confident
Trajectories/2022-04-11/303_RR220411A_863C_1849.bmp,303_RR220411A_863C_1849.bmp,Trajectories/2022-02-06/193_RR220206A_957C_2058.bmp,193_RR220206A_957C_2058.bmp,(√13 x √13),1,HL,,2026-01-06T22:03:33.275033,295,282,Somewhat sure
Trajectories/2022-04-11/303_RR220411A_863C_1849.bmp,303_RR220411A_863C_1849.bmp,Trajectories/2022-02-06/193_RR220206A_957C_2058.bmp,193_RR220206A_957C_2058.bmp,(1 x 1),1,HL,,2026-01-06T22:03:34.431512,295,282,Somewhat sure
Trajectories/2022-04-11/303_RR220411A_863C_1849.bmp,303_RR220411A_863C_1849.bmp,Trajectories/2022-02-06/193_RR220206A_957C_2058.bmp,193_RR220206A_957C_2058.bmp,HTR,not_apply,HL,,2026-01-06T22:03:35.271393,295,282,Somewhat sure
Trajectories/2022-04-11/303_RR220411A_863C_1849.bmp,303_RR220411A_863C_1849.bmp,Trajectories/2022-02-06/193_RR220206A_957C_2058.bmp,193_RR220206A_957C_2058.bmp,Twinned(2 x 1),not_apply,HL,,2026-01-06T22:03:36.121260,295,282,Somewhat sure
Trajectories/2022-04-11/303_RR220411A_863C_1849.bmp,303_RR220411A_863C_1849.bmp,Trajectories/2022-02-06/193_RR220206A_957C_2058.bmp,193_RR220206A_957C_2058.bmp,c(6 x 2),1,HL,,2026-01-06T22:03:36.856035,295,282,Somewhat sure
Trajectories/2022-04-11/129_RR220411A_590C_1601.bmp,129_RR220411A_590C_1601.bmp,Trajectories/2022-02-06/141_RR220206A_995C_1942.bmp,141_RR220206A_995C_1942.bmp,(1 x 1),1,HL,,2026-01-06T23:14:56.537843,290,311,Confident
Trajectories/2022-04-11/129_RR220411A_590C_1601.bmp,129_RR220411A_590C_1601.bmp,Trajectories/2022-02-06/141_RR220206A_995C_1942.bmp,141_RR220206A_995C_1942.bmp,HTR,not_apply,HL,,2026-01-06T23:14:58.103906,290,311,Confident
Trajectories/2022-04-11/129_RR220411A_590C_1601.bmp,129_RR220411A_590C_1601.bmp,Trajectories/2022-02-06/141_RR220206A_995C_1942.bmp,141_RR220206A_995C_1942.bmp,Twinned(2 x 1),not_apply,HL,,2026-01-06T23:14:59.292000,290,311,Confident
Trajectories/2022-04-11/129_RR220411A_590C_1601.bmp,129_RR220411A_590C_1601.bmp,Trajectories/2022-02-06/141_RR220206A_995C_1942.bmp,141_RR220206A_995C_1942.bmp,(√13 x √13),not_apply,HL,,2026-01-06T23:15:00.590700,290,311,Confident
Trajectories/2022-04-11/129_RR220411A_590C_1601.bmp,129_RR220411A_590C_1601.bmp,Trajectories/2022-02-06/141_RR220206A_995C_1942.bmp,141_RR220206A_995C_1942.bmp,c(6 x 2),2,HL,,2026-01-06T23:15:01.765259,290,311,Confident